policy,block,arm,round,N_plus,N_minus,truncated_excluded,C_pre,C_retained,C_positive,TPR_pre,TPR_retained,TPR_positive,selection_source,audit_source
none,b00,R,1,3848,12389,147,48,,,0.012474012474012475,,,graph_unaudited_llama3.2-3b/out/b00/R/round_001/selection.json,
none,b00,R,2,7727,8646,11,48,,,0.00621198395237479,,,graph_unaudited_llama3.2-3b/out/b00/R/round_002/selection.json,
none,b00,R,3,8087,8292,5,48,,,0.005935451959935699,,,graph_unaudited_llama3.2-3b/out/b00/R/round_003/selection.json,
none,b00,R,4,8918,7444,22,48,,,0.005382372729311505,,,graph_unaudited_llama3.2-3b/out/b00/R/round_004/selection.json,
none,b00,S,1,3848,12389,147,48,,,0.012474012474012475,,,graph_unaudited_llama3.2-3b/out/b00/S/round_001/selection.json,
none,b00,S,2,8388,7994,2,48,,,0.005722460658082976,,,graph_unaudited_llama3.2-3b/out/b00/S/round_002/selection.json,
none,b00,S,3,9780,6598,6,48,,,0.0049079754601227,,,graph_unaudited_llama3.2-3b/out/b00/S/round_003/selection.json,
none,b00,S,4,9236,7139,9,48,,,0.00519705500216544,,,graph_unaudited_llama3.2-3b/out/b00/S/round_004/selection.json,
none,b01,R,1,3877,12369,138,48,,,0.012380706732009285,,,graph_unaudited_llama3.2-3b/out/b01/R/round_001/selection.json,
none,b01,R,2,7100,9270,14,48,,,0.0067605633802816905,,,graph_unaudited_llama3.2-3b/out/b01/R/round_002/selection.json,
none,b01,R,3,9008,7376,0,48,,,0.0053285968028419185,,,graph_unaudited_llama3.2-3b/out/b01/R/round_003/selection.json,
none,b01,R,4,10116,6255,13,48,,,0.004744958481613286,,,graph_unaudited_llama3.2-3b/out/b01/R/round_004/selection.json,
none,b01,S,1,3877,12369,138,48,,,0.012380706732009285,,,graph_unaudited_llama3.2-3b/out/b01/S/round_001/selection.json,
none,b01,S,2,7067,9297,20,48,,,0.0067921324465827085,,,graph_unaudited_llama3.2-3b/out/b01/S/round_002/selection.json,
none,b01,S,3,7319,9057,8,48,,,0.00655827298811313,,,graph_unaudited_llama3.2-3b/out/b01/S/round_003/selection.json,
none,b01,S,4,10057,6316,11,48,,,0.004772795068111763,,,graph_unaudited_llama3.2-3b/out/b01/S/round_004/selection.json,
none,b02,R,1,3805,12458,121,48,,,0.012614980289093298,,,graph_unaudited_llama3.2-3b/out/b02/R/round_001/selection.json,
none,b02,R,2,7147,9181,56,48,,,0.0067161046592976075,,,graph_unaudited_llama3.2-3b/out/b02/R/round_002/selection.json,
none,b02,R,3,7246,9091,47,48,,,0.006624344465912227,,,graph_unaudited_llama3.2-3b/out/b02/R/round_003/selection.json,
none,b02,R,4,7519,8802,63,48,,,0.00638382763665381,,,graph_unaudited_llama3.2-3b/out/b02/R/round_004/selection.json,
none,b02,S,1,3805,12458,121,48,,,0.012614980289093298,,,graph_unaudited_llama3.2-3b/out/b02/S/round_001/selection.json,
none,b02,S,2,7514,8810,60,48,,,0.006388075592227841,,,graph_unaudited_llama3.2-3b/out/b02/S/round_002/selection.json,
none,b02,S,3,9211,7160,13,48,,,0.005211160568885029,,,graph_unaudited_llama3.2-3b/out/b02/S/round_003/selection.json,
none,b02,S,4,9624,6752,8,48,,,0.004987531172069825,,,graph_unaudited_llama3.2-3b/out/b02/S/round_004/selection.json,
none,b03,R,1,3810,12421,153,48,,,0.012598425196850394,,,graph_unaudited_llama3.2-3b/out/b03/R/round_001/selection.json,
none,b03,R,2,7828,8527,29,48,,,0.0061318344404701075,,,graph_unaudited_llama3.2-3b/out/b03/R/round_002/selection.json,
none,b03,R,3,8305,8058,21,48,,,0.0057796508127633955,,,graph_unaudited_llama3.2-3b/out/b03/R/round_003/selection.json,
none,b03,R,4,9197,7149,38,48,,,0.00521909318255953,,,graph_unaudited_llama3.2-3b/out/b03/R/round_004/selection.json,
none,b03,S,1,3810,12421,153,48,,,0.012598425196850394,,,graph_unaudited_llama3.2-3b/out/b03/S/round_001/selection.json,
none,b03,S,2,8145,8232,7,48,,,0.005893186003683241,,,graph_unaudited_llama3.2-3b/out/b03/S/round_002/selection.json,
none,b03,S,3,8380,8004,0,48,,,0.005727923627684964,,,graph_unaudited_llama3.2-3b/out/b03/S/round_003/selection.json,
none,b03,S,4,7733,8624,27,48,,,0.006207164101900944,,,graph_unaudited_llama3.2-3b/out/b03/S/round_004/selection.json,
none,b04,R,1,3838,12414,132,48,,,0.012506513809275664,,,graph_unaudited_llama3.2-3b/out/b04/R/round_001/selection.json,
none,b04,R,2,8345,8027,12,48,,,0.005751947273816656,,,graph_unaudited_llama3.2-3b/out/b04/R/round_002/selection.json,
none,b04,R,3,7613,8757,14,48,,,0.006305004597399186,,,graph_unaudited_llama3.2-3b/out/b04/R/round_003/selection.json,
none,b04,R,4,6772,9585,27,48,,,0.0070880094506792675,,,graph_unaudited_llama3.2-3b/out/b04/R/round_004/selection.json,
none,b04,S,1,3838,12414,132,48,,,0.012506513809275664,,,graph_unaudited_llama3.2-3b/out/b04/S/round_001/selection.json,
none,b04,S,2,8241,8134,9,48,,,0.005824535857298871,,,graph_unaudited_llama3.2-3b/out/b04/S/round_002/selection.json,
none,b04,S,3,8904,7478,2,48,,,0.005390835579514825,,,graph_unaudited_llama3.2-3b/out/b04/S/round_003/selection.json,
none,b04,S,4,9398,6967,19,48,,,0.005107469674398808,,,graph_unaudited_llama3.2-3b/out/b04/S/round_004/selection.json,
audit,b00,R,1,3848,12389,147,48,48,35,0.012474012474012475,0.012474012474012475,0.009095634095634096,graph_audited_llama3.2-3b/out/b00/R/round_001/selection.json,graph_audited_llama3.2-3b/out/b00/R/round_001/audit.json
audit,b00,R,2,7850,8513,21,48,48,36,0.006114649681528662,0.006114649681528662,0.0045859872611464965,graph_audited_llama3.2-3b/out/b00/R/round_002/selection.json,graph_audited_llama3.2-3b/out/b00/R/round_002/audit.json
audit,b00,R,3,8552,7827,5,48,48,48,0.005612722170252572,0.005612722170252572,0.005612722170252572,graph_audited_llama3.2-3b/out/b00/R/round_003/selection.json,graph_audited_llama3.2-3b/out/b00/R/round_003/audit.json
audit,b00,R,4,8691,7679,14,48,48,48,0.005522954780807732,0.005522954780807732,0.005522954780807732,graph_audited_llama3.2-3b/out/b00/R/round_004/selection.json,graph_audited_llama3.2-3b/out/b00/R/round_004/audit.json
audit,b00,S,1,3848,12389,147,48,48,35,0.012474012474012475,0.012474012474012475,0.009095634095634096,graph_audited_llama3.2-3b/out/b00/S/round_001/selection.json,graph_audited_llama3.2-3b/out/b00/S/round_001/audit.json
audit,b00,S,2,7529,8843,12,48,48,48,0.0063753486518794,0.0063753486518794,0.0063753486518794,graph_audited_llama3.2-3b/out/b00/S/round_002/selection.json,graph_audited_llama3.2-3b/out/b00/S/round_002/audit.json
audit,b00,S,3,8598,7785,1,48,48,48,0.005582693649685973,0.005582693649685973,0.005582693649685973,graph_audited_llama3.2-3b/out/b00/S/round_003/selection.json,graph_audited_llama3.2-3b/out/b00/S/round_003/audit.json
audit,b00,S,4,9920,6448,16,48,48,37,0.004838709677419355,0.004838709677419355,0.0037298387096774193,graph_audited_llama3.2-3b/out/b00/S/round_004/selection.json,graph_audited_llama3.2-3b/out/b00/S/round_004/audit.json
audit,b01,R,1,3877,12369,138,48,48,48,0.012380706732009285,0.012380706732009285,0.012380706732009285,graph_audited_llama3.2-3b/out/b01/R/round_001/selection.json,graph_audited_llama3.2-3b/out/b01/R/round_001/audit.json
audit,b01,R,2,7099,9258,27,48,48,48,0.006761515706437527,0.006761515706437527,0.006761515706437527,graph_audited_llama3.2-3b/out/b01/R/round_002/selection.json,graph_audited_llama3.2-3b/out/b01/R/round_002/audit.json
audit,b01,R,3,8106,8228,50,48,48,32,0.005921539600296077,0.005921539600296077,0.003947693066864051,graph_audited_llama3.2-3b/out/b01/R/round_003/selection.json,graph_audited_llama3.2-3b/out/b01/R/round_003/audit.json
audit,b01,R,4,8787,7581,16,48,48,48,0.0054626152270399455,0.0054626152270399455,0.0054626152270399455,graph_audited_llama3.2-3b/out/b01/R/round_004/selection.json,graph_audited_llama3.2-3b/out/b01/R/round_004/audit.json
audit,b01,S,1,3877,12369,138,48,48,48,0.012380706732009285,0.012380706732009285,0.012380706732009285,graph_audited_llama3.2-3b/out/b01/S/round_001/selection.json,graph_audited_llama3.2-3b/out/b01/S/round_001/audit.json
audit,b01,S,2,7085,9244,55,48,48,36,0.006774876499647142,0.006774876499647142,0.005081157374735357,graph_audited_llama3.2-3b/out/b01/S/round_002/selection.json,graph_audited_llama3.2-3b/out/b01/S/round_002/audit.json
audit,b01,S,3,7232,9126,26,48,48,48,0.00663716814159292,0.00663716814159292,0.00663716814159292,graph_audited_llama3.2-3b/out/b01/S/round_003/selection.json,graph_audited_llama3.2-3b/out/b01/S/round_003/audit.json
audit,b01,S,4,9213,7130,41,48,48,48,0.005210029306414849,0.005210029306414849,0.005210029306414849,graph_audited_llama3.2-3b/out/b01/S/round_004/selection.json,graph_audited_llama3.2-3b/out/b01/S/round_004/audit.json
audit,b02,R,1,3805,12458,121,48,48,38,0.012614980289093298,0.012614980289093298,0.009986859395532195,graph_audited_llama3.2-3b/out/b02/R/round_001/selection.json,graph_audited_llama3.2-3b/out/b02/R/round_001/audit.json
audit,b02,R,2,6984,9389,11,48,48,19,0.006872852233676976,0.006872852233676976,0.002720504009163803,graph_audited_llama3.2-3b/out/b02/R/round_002/selection.json,graph_audited_llama3.2-3b/out/b02/R/round_002/audit.json
audit,b02,R,3,8167,8217,0,48,48,48,0.005877311130157953,0.005877311130157953,0.005877311130157953,graph_audited_llama3.2-3b/out/b02/R/round_003/selection.json,graph_audited_llama3.2-3b/out/b02/R/round_003/audit.json
audit,b02,R,4,10154,6223,7,48,48,48,0.004727201103013591,0.004727201103013591,0.004727201103013591,graph_audited_llama3.2-3b/out/b02/R/round_004/selection.json,graph_audited_llama3.2-3b/out/b02/R/round_004/audit.json
audit,b02,S,1,3805,12458,121,48,48,38,0.012614980289093298,0.012614980289093298,0.009986859395532195,graph_audited_llama3.2-3b/out/b02/S/round_001/selection.json,graph_audited_llama3.2-3b/out/b02/S/round_001/audit.json
audit,b02,S,2,7062,9316,6,48,48,48,0.006796941376380629,0.006796941376380629,0.006796941376380629,graph_audited_llama3.2-3b/out/b02/S/round_002/selection.json,graph_audited_llama3.2-3b/out/b02/S/round_002/audit.json
audit,b02,S,3,9653,6731,0,48,48,48,0.004972547394592354,0.004972547394592354,0.004972547394592354,graph_audited_llama3.2-3b/out/b02/S/round_003/selection.json,graph_audited_llama3.2-3b/out/b02/S/round_003/audit.json
audit,b02,S,4,10609,5771,4,48,48,37,0.004524460363842021,0.004524460363842021,0.003487604863794891,graph_audited_llama3.2-3b/out/b02/S/round_004/selection.json,graph_audited_llama3.2-3b/out/b02/S/round_004/audit.json
audit,b03,R,1,3810,12421,153,48,48,48,0.012598425196850394,0.012598425196850394,0.012598425196850394,graph_audited_llama3.2-3b/out/b03/R/round_001/selection.json,graph_audited_llama3.2-3b/out/b03/R/round_001/audit.json
audit,b03,R,2,7353,8978,53,48,48,48,0.006527947776417789,0.006527947776417789,0.006527947776417789,graph_audited_llama3.2-3b/out/b03/R/round_002/selection.json,graph_audited_llama3.2-3b/out/b03/R/round_002/audit.json
audit,b03,R,3,8164,8218,2,48,48,48,0.005879470847623714,0.005879470847623714,0.005879470847623714,graph_audited_llama3.2-3b/out/b03/R/round_003/selection.json,graph_audited_llama3.2-3b/out/b03/R/round_003/audit.json
audit,b03,R,4,9737,6630,17,48,48,33,0.004929649789462874,0.004929649789462874,0.0033891342302557258,graph_audited_llama3.2-3b/out/b03/R/round_004/selection.json,graph_audited_llama3.2-3b/out/b03/R/round_004/audit.json
audit,b03,S,1,3810,12421,153,48,48,48,0.012598425196850394,0.012598425196850394,0.012598425196850394,graph_audited_llama3.2-3b/out/b03/S/round_001/selection.json,graph_audited_llama3.2-3b/out/b03/S/round_001/audit.json
audit,b03,S,2,7105,9265,14,48,48,48,0.006755805770584096,0.006755805770584096,0.006755805770584096,graph_audited_llama3.2-3b/out/b03/S/round_002/selection.json,graph_audited_llama3.2-3b/out/b03/S/round_002/audit.json
audit,b03,S,3,8755,7628,1,48,48,48,0.00548258138206739,0.00548258138206739,0.00548258138206739,graph_audited_llama3.2-3b/out/b03/S/round_003/selection.json,graph_audited_llama3.2-3b/out/b03/S/round_003/audit.json
audit,b03,S,4,10011,6336,37,48,48,48,0.00479472580161822,0.00479472580161822,0.00479472580161822,graph_audited_llama3.2-3b/out/b03/S/round_004/selection.json,graph_audited_llama3.2-3b/out/b03/S/round_004/audit.json
audit,b04,R,1,3838,12414,132,48,48,32,0.012506513809275664,0.012506513809275664,0.008337675872850442,graph_audited_llama3.2-3b/out/b04/R/round_001/selection.json,graph_audited_llama3.2-3b/out/b04/R/round_001/audit.json
audit,b04,R,2,7324,9044,16,48,48,48,0.006553795740032769,0.006553795740032769,0.006553795740032769,graph_audited_llama3.2-3b/out/b04/R/round_002/selection.json,graph_audited_llama3.2-3b/out/b04/R/round_002/audit.json
audit,b04,R,3,8382,7994,8,48,48,36,0.00572655690765927,0.00572655690765927,0.004294917680744453,graph_audited_llama3.2-3b/out/b04/R/round_003/selection.json,graph_audited_llama3.2-3b/out/b04/R/round_003/audit.json
audit,b04,R,4,8560,7776,48,48,48,48,0.005607476635514018,0.005607476635514018,0.005607476635514018,graph_audited_llama3.2-3b/out/b04/R/round_004/selection.json,graph_audited_llama3.2-3b/out/b04/R/round_004/audit.json
audit,b04,S,1,3838,12414,132,48,48,32,0.012506513809275664,0.012506513809275664,0.008337675872850442,graph_audited_llama3.2-3b/out/b04/S/round_001/selection.json,graph_audited_llama3.2-3b/out/b04/S/round_001/audit.json
audit,b04,S,2,7315,9043,26,48,48,21,0.006561859193438141,0.006561859193438141,0.0028708133971291866,graph_audited_llama3.2-3b/out/b04/S/round_002/selection.json,graph_audited_llama3.2-3b/out/b04/S/round_002/audit.json
audit,b04,S,3,8549,7824,11,48,48,35,0.005614691776816002,0.005614691776816002,0.004094046087261668,graph_audited_llama3.2-3b/out/b04/S/round_003/selection.json,graph_audited_llama3.2-3b/out/b04/S/round_003/audit.json
audit,b04,S,4,9155,7221,8,48,48,48,0.005243036592026215,0.005243036592026215,0.005243036592026215,graph_audited_llama3.2-3b/out/b04/S/round_004/selection.json,graph_audited_llama3.2-3b/out/b04/S/round_004/audit.json
