round,policy,arm,n,N_plus_mean,N_plus_min,N_plus_max,TPR_pre_percent,TPR_retained_percent,TPR_positive_percent
1,none,R,5,3835.6,3805,3877,1.2514927700248224,,
1,none,S,5,3835.6,3805,3877,1.2514927700248224,,
1,audit,R,5,3835.6,3805,3877,1.2514927700248224,1.2514927700248224,1.0479860258575284
1,audit,S,5,3835.6,3805,3877,1.2514927700248224,1.2514927700248224,1.0479860258575284
2,none,R,5,7629.4,7100,8345,0.6314486741248171,,
2,none,S,5,7871.0,7067,8388,0.6124078111575127,,
2,audit,R,5,7322.0,6984,7850,0.6566152227618745,0.6566152227618745,0.5429950098639678
2,audit,S,5,7219.2,7062,7529,0.6652966298385882,0.6652966298385882,0.5576013314141733
3,none,R,5,8051.8,7246,9008,0.5994609727770485,,
3,none,S,5,8718.8,7319,9780,0.5559233644864129,,
3,audit,R,5,8274.2,8106,8552,0.5803520131197918,0.5803520131197918,0.5122422979128549
3,audit,S,5,8557.4,7232,9653,0.5657936468950927,0.5657936468950927,0.5353807331040061
4,none,R,5,8504.4,6772,10116,0.576365229616348,,
4,none,S,5,9209.6,7733,10057,0.5254403003729357,,
4,audit,R,5,9185.8,8560,10154,0.5249979507167631,0.5249979507167631,0.4941876395326202
4,audit,S,5,9781.6,9155,10609,0.49221923482641317,0.49221923482641317,0.44930470547063184
