theta,g_R,g_S
-0.25,-0.20984449403399266,-0.12994396397445263
-0.2475,-0.21307062737877944,-0.12904771641656848
-0.245,-0.21634786013211876,-0.12812319274595338
-0.2425,-0.21967627355304942,-0.12716944754902648
-0.24,-0.22305590922245921,-0.12618550435687795
-0.2375,-0.22648676712030455,-0.12517035494976747
-0.235,-0.22996880367121406,-0.12412295867415998
-0.23249999999999998,-0.23350192976113485,-0.12304224177500937
-0.23,-0.23708600872795518,-0.12192709674616987
-0.2275,-0.2407208543293236,-0.12077638170199377
-0.225,-0.24440622869117845,-0.11958891977334384
-0.2225,-0.24814184024081165,-0.11836349853143104
-0.22,-0.25192734162859776,-0.11709886944306808
-0.2175,-0.2557623276428457,-0.115793747361106
-0.215,-0.2596463331225568,-0.11444681005400356
-0.2125,-0.263578830873206,-0.11305669777865424
-0.21,-0.2675592295910033,-0.11162201290077242
-0.2075,-0.271586871801433,-0.11014131956731327
-0.20500000000000002,-0.2756610318182119,-0.10861314343556253
-0.2025,-0.2797809137291551,-0.10703597146369956
-0.2,-0.2839456494157717,-0.10540825176778242
-0.1975,-0.28815429661376457,-0.10372839355025378
-0.195,-0.29240583702193057,-0.10199476710519248
-0.1925,-0.29669917446729105,-0.1002057039056617
-0.19,-0.3010331331345942,-0.09835949677860602
-0.1875,-0.30540645586864,-0.09645440017283914
-0.185,-0.3098178025581632,-0.09448863052574116
-0.1825,-0.31426574861028134,-0.09246036673432675
-0.18,-0.3187487835247709,-0.09036775073638362
-0.1775,-0.3232653095776554,-0.08820888820737989
-0.175,-0.327813640623797,-0.0859818493788234
-0.1725,-0.3323920010283464,-0.08368466998370158
-0.16999999999999998,-0.3369985247370558,-0.081315352334556
-0.16749999999999998,-0.34163125449555026,-0.07887186653963266
-0.16499999999999998,-0.34628814122772433,-0.0763521518623992
-0.16249999999999998,-0.3509670435834492,-0.07375411822954468
-0.16,-0.3556657276657478,-0.07107564789235321
-0.1575,-0.3603818669475251,-0.06831459724607815
-0.155,-0.36511304238781095,-0.06546879881164948
-0.1525,-0.36985674275729447,-0.06253606338369656
-0.15,-0.3746103651826851,-0.05951418234847582
-0.1475,-0.3793712159191413,-0.056400930174865825
-0.14500000000000002,-0.3841365113596364,-0.053194067081100894
-0.14250000000000002,-0.38890337928971386,-0.04989134187939409
-0.14,-0.3936688603955752,-0.0464904950000164
-0.1375,-0.3984299100328933,-0.042989261695780843
-0.135,-0.40318340026309907,-0.03938537542721238
-0.1325,-0.40792612216319263,-0.035676571427957784
-0.13,-0.41265478841435216,-0.031860590449241034
-0.1275,-0.41736603617376794,-0.027935182681358597
-0.125,-0.42205643023321754,-0.023898111849361286
-0.1225,-0.42672246646691114,-0.019747159479190972
-0.12,-0.4313605755700911,-0.015480129329618555
-0.1175,-0.43596712708875174,-0.011094851984368496
-0.11499999999999999,-0.44053843373967994,-0.006589189597848014
-0.11249999999999999,-0.44507075601877694,-0.001961040786882647
-0.10999999999999999,-0.449560307094351,0.0027916543401575447
-0.10749999999999998,-0.45400325798073127,0.007670909026501384
-0.10500000000000001,-0.4583957429861941,0.012678684593088409
-0.10250000000000001,-0.46273386542778083,0.017816885059398338
-0.1,-0.46701370360415684,0.023087351671789304
-0.0975,-0.47123131701621873,0.028491857353168427
-0.095,-0.4753827528236834,0.03403210108881802
-0.0925,-0.47946405252443747,0.03970970226419407
-0.09,-0.48347125884196945,0.04552619497145538
-0.0875,-0.4874004228047644,0.05148302230237988
-0.08499999999999999,-0.4912476110001335,0.057581530646182516
-0.08249999999999999,-0.4950089129835776,0.06382296401153612
-0.07999999999999999,-0.4986804488234561,0.07020845839281456
-0.07749999999999999,-0.5022583767594732,0.07673903620123045
-0.07499999999999998,-0.5057389009522961,0.08341560078208815
-0.07250000000000001,-0.5091182793005037,0.09023893103985062
-0.07,-0.5123928313000518,0.0972096761930802
-0.0675,-0.5155589459205092,0.10432835068157223
-0.065,-0.5186130894715233,0.11159532924815153
-0.0625,-0.5215518134322771,0.11901084221763111
-0.06,-0.5243717622161511,0.1265749709953312
-0.057499999999999996,-0.5270696808423789,0.13428764380734054
-0.05499999999999999,-0.5296424224862131,0.14214863170434
-0.05249999999999999,-0.5320869558789977,0.15015754485033286
-0.04999999999999999,-0.5344003725295734,0.15831382911698527
-0.04749999999999999,-0.5365798937386372,0.1666167630035458
-0.044999999999999984,-0.5386228773780348,0.17506545490139339
-0.04249999999999998,-0.5405268244074851,0.183658840721269
-0.04000000000000001,-0.5422893851019239,0.19239568190006773
-0.037500000000000006,-0.5439083649635013,0.2012745638028026
-0.035,-0.5453817302932827,0.21029389453395342
-0.0325,-0.5467076133988684,0.21945190417089622
-0.03,-0.54788431741547,0.22874664443050655
-0.027499999999999997,-0.5489103207194479,0.2381759887782989
-0.024999999999999994,-0.5497842809149209,0.24773763298769008
-0.022499999999999992,-0.5505050383757868,0.25742909615507115
-0.01999999999999999,-0.5510716193273509,0.2672477221744618
-0.017499999999999988,-0.5514832384537101,0.27719068167351274
-0.014999999999999986,-0.5517393010190991,0.2872549744105914
-0.012499999999999983,-0.5518394044935325,0.2974374321306373
-0.010000000000000009,-0.5517833396752813,0.3077347218753989
-0.007500000000000007,-0.5515710913049674,0.3181433497416037
-0.0050000000000000044,-0.5512028381683552,0.32865966507854394
-0.0025000000000000022,-0.5506789526872213,0.33927986511457375
0.0,-0.55,0.35
0.0025000000000000022,-0.5491667365362058,0.3505664526174211
0.0050000000000000044,-0.5481801080909081,0.35097866277968376
0.007500000000000007,-0.5470412474077662,0.35123730136423037
0.010000000000000009,-0.5457514712813094,0.3513432271887255
0.012500000000000011,-0.5443122771912511,0.3512974841841521
0.015000000000000013,-0.5427253394836407,0.35110129810196417
0.017500000000000016,-0.5409925051155767,0.35075607277077625
0.020000000000000018,-0.5391157889820111,0.35026338591993306
0.02250000000000002,-0.5370973688448558,0.34962498458906294
0.025000000000000022,-0.53493957988616,0.3488427801443352
0.027500000000000024,-0.5326449089085268,0.3479188429236295
0.030000000000000027,-0.5302159882072114,0.34685539653416797
0.03250000000000003,-0.5276555891394357,0.34565481182734115
0.03500000000000003,-0.5249666154174145,0.3443196005764959
0.03750000000000003,-0.522152096152359,0.3428524088843172
0.03999999999999998,-0.5192151786773523,0.3412560103471386
0.04249999999999998,-0.5161591211774362,0.33953329900405954
0.044999999999999984,-0.5129872851555434,0.3376872820991169
0.04749999999999999,-0.5097031277630266,0.33572107268496987
0.04999999999999999,-0.5063101940235104,0.33363788209660944
0.05249999999999999,-0.5028121089785891,0.331441012323493
0.05499999999999999,-0.49921256978356926,0.32913384830825065
0.057499999999999996,-0.49551533778095885,0.3267198501997015
0.06,-0.49172423057879594,0.32420254558738365
0.0625,-0.48784311416015946,0.3215855217441223
0.065,-0.4838758950493441,0.3188724179023757
0.0675,-0.47982651255920256,0.31606691758918415
0.07,-0.47569893114309575,0.3131727410435505
0.07250000000000001,-0.4714971328737253,0.3101936377389734
0.07500000000000001,-0.4672251100698879,0.30713337903267846
0.07750000000000001,-0.4628868580908903,0.3039957509618392
0.08000000000000002,-0.45848636831699946,0.30078454720577025
0.08250000000000002,-0.4540276213329059,0.2975035622317153
0.08500000000000002,-0.44951458032973357,0.29415658464045236
0.08750000000000002,-0.4449511847396737,0.29074739072651595
0.09000000000000002,-0.4403413441158446,0.2872797382663894
0.09250000000000003,-0.43568893226849814,0.28375736054657125
0.09500000000000003,-0.4309977816672295,0.28018396064196815
0.09750000000000003,-0.42627167811737965,0.2765632059536293
0.10000000000000003,-0.4215143557173955,0.27289872301341694
0.10249999999999998,-0.4167294921024991,0.2691940925618108
0.10499999999999998,-0.41192070397866337,0.26545284490369
0.10749999999999998,-0.4070915429495551,0.2616784555456115
0.10999999999999999,-0.402245491637848,0.2578743411168352
0.11249999999999999,-0.3973859601010798,0.25404385557512027
0.11499999999999999,-0.3925162825410738,0.2501902866971533
0.1175,-0.38763971430485117,0.24631685285236618
0.12,-0.3827594291739253,0.24242670005785194
0.1225,-0.3778785169379074,0.238522899311115
0.125,-0.3729999812474692,0.23460844419648247
0.1275,-0.36812673774087,0.23068624876015587
0.13,-0.3632616124375258,0.22675914564812236
0.1325,-0.35840734039140165,0.22282988450043234
0.135,-0.3535665645964132,0.21890113059472585
0.1375,-0.34874183513548007,0.21497546373132437
0.14,-0.3439356085644076,0.21105537735171095
0.14250000000000002,-0.3391502475213747,0.2071432778817936
0.14500000000000002,-0.33438802055246386,0.2032414842909814
0.14750000000000002,-0.3296511021434029,0.19935222785780185
0.15000000000000002,-0.3249415729474721,0.19547765213254845
0.15250000000000002,-0.32026142019937726,0.19161981308726045
0.15500000000000003,-0.31561253830478525,0.18778067944320742
0.15750000000000003,-0.3109967295951753,0.18396213316597537
0.16000000000000003,-0.3064157052376547,0.18016597011821922
0.16250000000000003,-0.3018710862894338,0.1763939008601632
0.16500000000000004,-0.2973644048867406,0.17264755158798756
0.16749999999999998,-0.29289710555807935,0.16892846520033714
0.16999999999999998,-0.28847054665190214,0.16523810248332219
0.1725,-0.2840860018689459,0.16157784340454104
0.175,-0.27974466188971325,0.15794898850685307
0.1775,-0.2754476360878209,0.1543527603928488
0.18,-0.27119595432020216,0.15079030529120643
0.1825,-0.26699056878544736,0.14726269469639225
0.185,-0.26283235594185334,0.1437709270734325
0.1875,-0.25872211847709314,0.1403159296197976
0.19,-0.2546605873217201,0.13689856007672635
0.1925,-0.2506484236990847,0.1335196085826568
0.195,-0.24668622120456066,0.13017979956173628
0.1975,-0.2427745079073491,0.12687979364073004
0.2,-0.23891374846846053,0.1236201895879688
0.2025,-0.2351043462688388,0.12040152626831918
0.20500000000000002,-0.23134664554193912,0.11722428460849513
0.20750000000000002,-0.22764093350541015,0.11408888956735481
0.21000000000000002,-0.22398744248688804,0.11099571210616782
0.21250000000000002,-0.22038635203923793,0.1079450711541562
0.21500000000000002,-0.21683779104091136,0.10493723556493424
0.21750000000000003,-0.21334183977741802,0.10197242605978854
0.22000000000000003,-0.20989853200021502,0.09905081715403949
0.22250000000000003,-0.20650785695963406,0.09617253906303025
0.22500000000000003,-0.2031697614087569,0.09333767958457191
0.22750000000000004,-0.1998841515754359,0.09054628595495483
0.22999999999999998,-0.19665089509993555,0.08779836667590545
0.23249999999999998,-0.19346982293593307,0.08509389331012715
0.235,-0.19034073121286735,0.0824328022433077
0.2375,-0.18726338305786885,0.07981499641071652
0.24,-0.1842375103757375,0.07724034698674301
0.2425,-0.18126281558564228,0.07470869503593369
0.245,-0.17833897331343504,0.07221985312429896
0.2475,-0.1754656320386606,0.06977360688984921
0.25,-0.1726424156955261,0.06736971657149898
0.25250000000000006,-0.1698689252272742,0.0650079184956572
0.255,-0.16714474009355182,0.0626879265199689
0.25750000000000006,-0.164469419730535,0.060409433433841454
0.26,-0.16184250496369482,0.05817211231551164
0.26249999999999996,-0.15926351937322625,0.0559756178455498
0.265,-0.15673197061228422,0.053819587576816444
0.26749999999999996,-0.15424735167827758,0.051703643160996474
0.27,-0.15180914213757496,0.049627391531939784
0.27249999999999996,-0.14941680930406886,0.0475904260461302
0.275,-0.147069809372131,0.045592327580692725
0.27749999999999997,-0.14476758850456556,0.04363266558942573
0.28,-0.1425095838762346,0.04171099911741202
0.2825,-0.14029522467409983,0.039826877774836046
0.28500000000000003,-0.13812393305446427,0.037979842670676354
0.2875,-0.13599512505826292,0.03616942730700836
0.29000000000000004,-0.1339082114852797,0.034395158434684756
0.2925,-0.1318625987282123,0.03265655687120692
0.29500000000000004,-0.12985768956753002,0.030953138281627362
0.2975,-0.1278928839281073,0.029284413923361306
0.30000000000000004,-0.12596757959861835,0.02764989135579444
0.3025,-0.12408117291471818,0.02604907511561231
0.30500000000000005,-0.12223305940701955,0.024481467358767828
0.3075,-0.12042263441491229,0.02294656847003947
0.31000000000000005,-0.11864929366725724,0.021443877641123266
0.3125,-0.11691243383099122,0.019972893418208813
0.31500000000000006,-0.11521145302868978,0.01853311422000088
0.3175,-0.11354575132611583,0.01712403882713384
0.32000000000000006,-0.11191473119078371,0.015745166843930274
0.3225,-0.11031779792255984,0.014395999133447628
0.32500000000000007,-0.10875436005730671,0.013076038226747742
0.3275,-0.10722382974456697,0.011784788707314071
0.32999999999999996,-0.10572562310026785,0.010521757571529925
0.3325,-0.10425916053541565,0.009286454566120353
0.33499999999999996,-0.10282386706172328,0.008078392503439303
0.3375,-0.10141917257510878,0.0068970875554776176
0.33999999999999997,-0.10004451211796905,0.005742059527439678
0.3425,-0.09869932612112767,0.004612832111729774
0.345,-0.09738306062632206,0.0035089331231617977
0.34750000000000003,-0.09609516749008462,0.0024298947161939147
0.35,-0.09483510456984087,0.0013752535849635423
0.35250000000000004,-0.09360233589303656,0.00034455114688637135
0.355,-0.0923963318100722,-0.0006626662894458131
0.35750000000000004,-0.09121656913180967,-0.0016468473713481344
0.36,-0.09006253125238672,-0.0026084355634098766
0.36250000000000004,-0.08893370825805726,-0.003547869022468647
0.365,-0.08782959702275103,-0.004465580485534256
0.36750000000000005,-0.08674970129102084,-0.005361997170029528
0.37,-0.0856935317490253,-0.006237540685733806
0.37250000000000005,-0.08466060608417914,-0.007092626957829425
0.375,-0.0836504490340663,-0.007927666160485604
0.37750000000000006,-0.08266259242520552,-0.00874306266041965
0.38,-0.0816965752022266,-0.009539214969904087
0.38250000000000006,-0.0807519434479945,-0.010316515708708136
0.385,-0.07982825039521048,-0.011075351574469875
0.38750000000000007,-0.0789250564299755,-0.011816103321035552
0.39,-0.07804192908781069,-0.012539145744294418
0.39249999999999996,-0.07717844304258085,-0.013244847675082336
0.395,-0.07633418008877547,-0.01393357197872055
0.39749999999999996,-0.07550872911755958,-0.014605675560793962
0.4,-0.0747016860870076,-0.015261509378774431
0.40249999999999997,-0.073912653986902,-0.0159014184591218
0.405,-0.07314124279847174,-0.016525741919504375
0.4075,-0.07238706944942253,-0.017134812995799296
0.41000000000000003,-0.07164975776459757,-0.017728959073548625
0.4125,-0.07092893841259336,-0.01830850172355818
0.41500000000000004,-0.07022424884863554,-0.018873756741345702
0.4175,-0.06953533325401173,-0.01942503419015212
0.42000000000000004,-0.06886184247233818,-0.01996263844724895
0.4225,-0.06820343394292522,-0.020486868253285752
0.42500000000000004,-0.06755977163150134,-0.020998016764426787
0.4275,-0.06693052595852361,-0.02149637160705604
0.43000000000000005,-0.0663153737253187,-0.021982214934814764
0.4325,-0.06571399803825455,-0.022455823487776493
0.43500000000000005,-0.06512608823116064,-0.02291746865354859
0.4375,-0.06455133978618614,-0.023367416530116595
0.44000000000000006,-0.0639894542532768,-0.023805927990254085
0.4425,-0.06344013916845273,-0.024233258747321823
0.44500000000000006,-0.06290310797104398,-0.024649659422302298
0.4475,-0.06237807992004445,-0.025055375611913157
0.45000000000000007,-0.0618647800097254,-0.025450647957660222
0.4525,-0.06136293888465396,-0.02583571221568924
0.45499999999999996,-0.060872292754238055,-0.026210799327315334
0.4575,-0.06039258330692789,-0.026576135490103105
0.45999999999999996,-0.05992355762418353,-0.02693194222938936
0.4625,-0.05946496809431857,-0.027278436470139052
0.46499999999999997,-0.05901657232631949,-0.02761583060903658
0.4675,-0.05857813306373857,-0.027944332586715137
0.47,-0.05814941809874619,-0.028264145960038733
0.47250000000000003,-0.057730200186421665,-0.02857546997435719
0.475,-0.057320256959370534,-0.02887849963564784
0.47750000000000004,-0.05691937084272664,-0.029173425782483615
0.48,-0.05652732896961425,-0.02946043515775283
0.48250000000000004,-0.05614392309713132,-0.029739710480068828
0.485,-0.05576894952290621,-0.030011430514815998
0.48750000000000004,-0.055402209002285874,-0.030275770144773503
0.49,-0.05504350666620328,-0.030532900440268025
0.49250000000000005,-0.054692651939764525,-0.030782988728812927
0.495,-0.0543494584616031,-0.031026198664186367
0.49750000000000005,-0.05401374400403356,-0.03126269029491304
0.5,-0.05368533039404326,-0.03149262013211075
0.5025000000000001,-0.05336404343514802,-0.03171614121667304
0.505,-0.05304971283014327,-0.03193340318575495
0.5075000000000001,-0.05274217210477694,-0.032144552338534305
0.51,-0.05244125853236239,-0.03234973170122712
0.5125000000000001,-0.05214681305935301,-0.03254908109133403
0.515,-0.05185868023190001,-0.032742737181094654
0.5175000000000001,-0.051576708123400754,-0.03293083356013901
0.52,-0.051300748263058575,-0.03311350079731407
0.5225,-0.05103065556546032,-0.03329086650167627
0.525,-0.05076628826118292,-0.033463055382636366
0.5275,-0.05050750782843759,-0.03363018930924623
0.53,-0.050254178925752235,-0.033792387368623465
0.5325,-0.05000616932570414,-0.03394976592350075
0.535,-0.04976334984970008,-0.03410243866889923
0.5375,-0.04952559430380777,-0.0342505166879202
0.54,-0.04929277941563711,-0.03439410850665371
0.5425,-0.04906478477227185,-0.03453332014820132
0.545,-0.04884149275924982,-0.034668255185812194
0.5475,-0.04862278850058863,-0.03479901479513336
0.55,-0.04840855979984715,-0.034925697805580525
0.5525,-0.048198697082231415,-0.03504840075081994
0.555,-0.04799309333772066,-0.03516721791838076
0.5575,-0.04779164406522445,-0.0352822413983869
0.56,-0.04759424721775139,-0.03539356113142359
0.5625,-0.04740080314858935,-0.035501264955537265
0.5650000000000001,-0.04721121455848047,-0.03560543865238215
0.5675,-0.04702538644379257,-0.03570616599251068
0.5700000000000001,-0.04684322604566858,-0.03580352877982277
0.5725,-0.046664642800146025,-0.035897606895179346
0.5750000000000001,-0.04648954828924001,-0.03598847833918539
0.5775,-0.04631785619297319,-0.03607621927415527
0.5800000000000001,-0.04614948224234778,-0.03616090406526429
0.5825,-0.0459843441732408,-0.03624260532090152
0.585,-0.04582236168121845,-0.0363213939322271
0.5875,-0.04566345637725185,-0.036397339111948264
0.59,-0.045507551744325754,-0.03647050843232127
0.5925,-0.04535457309492706,-0.0365409678623896
0.595,-0.04520444752939512,-0.03660878180447356
0.5975,-0.04505710389513533,-0.0366740131299098
0.6,-0.044912472746662935,-0.036736723214068644
0.6025,-0.044770486306487355,-0.036796971970639775
0.605,-0.04463107842680052,-0.036854817885218
0.6075,-0.04449418455197937,-0.03691031804817961
0.61,-0.04435974168186853,-0.03696352818687818
0.6125,-0.044227688335847073,-0.03701450269715703
0.615,-0.044097964517656005,-0.037063294674197236
0.6175,-0.043970511680978215,-0.0371099559427091
0.62,-0.043845272695756846,-0.03715453708647827
0.6225,-0.04372219181523793,-0.03719708747727918
0.625,-0.04360121464372851,-0.037237655303162656
0.6275000000000001,-0.04348228810505191,-0.037276287596134244
0.63,-0.04336536041169218,-0.03731303025922912
0.6325000000000001,-0.04325038103461541,-0.03734792809299498
0.635,-0.043137300673749115,-0.03738102482139847
0.6375000000000001,-0.04302607122911547,-0.03741236311715911
0.64,-0.04291664577260298,-0.03744198462652405
0.6425000000000001,-0.04280897852035965,-0.03746992999349778
0.645,-0.04270302480580632,-0.03749623888352877
0.6475,-0.042598741053248006,-0.03752095000667145
0.65,-0.04249608475207626,-0.03754410114022981
0.6525,-0.042395014431552115,-0.03756572915089205
0.655,-0.04229548963615371,-0.037585870016369365
0.6575,-0.042197470901484,-0.037604558846543665
0.66,-0.04210091973071933,-0.03762182990414008
0.6625,-0.04200579857159418,-0.03763771662492911
0.665,-0.04191207079390869,-0.037652251637469505
0.6675,-0.04181970066754976,-0.037665466782400306
0.67,-0.04172865334101205,-0.03767739313129365
0.6725,-0.041638894820412026,-0.03768806100507444
0.675,-0.04155039194898229,-0.03769749999201816
0.6775,-0.04146311238703894,-0.03770573896533279
0.68,-0.04137702459240847,-0.037712806100337205
0.6825,-0.04129209780130784,-0.03771872889124094
0.685,-0.0412083020096646,-0.037723534167537154
0.6875,-0.04112560795487282,-0.037727248110012865
0.6900000000000001,-0.041043987097968936,-0.03772989626638937
0.6925,-0.04096341160622477,-0.03773150356659639
0.6950000000000001,-0.040883854336143846,-0.037732094337691306
0.6975,-0.04080528881685595,-0.037731692318428205
0.7000000000000001,-0.04072768923389851,-0.03773032067348673
0.7025,-0.04065103041337763,-0.037728002007367215
0.7050000000000001,-0.040575287806501166,-0.03772475837795811
0.7075,-0.04050043747447236,-0.03772061130978687
0.71,-0.040426456073742366,-0.03771558180695452
0.7125,-0.04035332084160644,-0.03770969036576844
0.715,-0.04028100958214122,-0.03770295698707469
0.7175,-0.04020950065247386,-0.03769540118829864
0.72,-0.040138772949372944,-0.037687042015202364
0.7225,-0.0400688058961627,-0.037677898053357646
0.725,-0.03999957942994016,-0.037667987439352534
0.7275,-0.03993107398909998,-0.03765732787172704
0.73,-0.039863270501153465,-0.03764593662165011
0.7325,-0.03979615037083848,-0.03763383054334071
0.735,-0.03972969546850975,-0.037621026084242136
0.7375,-0.039663888118810484,-0.037607539294948825
0.74,-0.03959871108960657,-0.03759338583890221
0.7425,-0.03953414758119392,-0.03757858100184616
0.745,-0.03947018121575476,-0.037563139701063585
0.7475,-0.03940679602707419,-0.03754707649438383
0.75,-0.03934397645049493,-0.037530405588980735
0.7525,-0.03928170731311972,-0.037513140849952754
0.7550000000000001,-0.03921997382424445,-0.037495295808700056
0.7575000000000001,-0.03915876156602081,-0.037476883671099796
0.76,-0.03909805648434664,-0.037457917325481094
0.7625,-0.039037844879970966,-0.037438409350411206
0.7650000000000001,-0.03897811339981559,-0.03741837202229096
0.7675000000000001,-0.03891884902850396,-0.03739781732276844
0.77,-0.03886003908009732,-0.03737675694596985
0.7725,-0.038801671190024825,-0.037355202305559936
0.7749999999999999,-0.038743733307212945,-0.037333164541627405
0.7775000000000001,-0.038686213686402994,-0.03731065452740453
0.78,-0.0386291008806533,-0.0372876828758248
0.7825,-0.03857238373402505,-0.037264259945918754
0.7849999999999999,-0.03851605137444212,-0.03724039584905695
0.7875000000000001,-0.03846009320672717,-0.037216100455038224
0.79,-0.03840449890580142,-0.03719138339803363
0.7925,-0.038349258410054696,-0.03716625408238098
0.7949999999999999,-0.03829436191487297,-0.03714072168824101
0.7975000000000001,-0.03823979986632244,-0.03711479517711579
0.8,-0.03818556295498859,-0.037088483297231065
0.8025,-0.03813164210996502,-0.037061794588786924
0.8049999999999999,-0.0380780284929854,-0.0370347373890827
0.8075000000000001,-0.03802471349270149,-0.037007319837513576
0.81,-0.03797168871909965,-0.036979549880445606
0.8125,-0.0379189459980505,-0.03695143527597364
0.815,-0.037866477365993495,-0.03692298359856065
0.8175000000000001,-0.03781427506475193,-0.03689420224356287
0.8200000000000001,-0.03776233153647037,-0.03686509843164702
0.8225,-0.037710639418680005,-0.03683567921309545
0.825,-0.03765919153948159,-0.0368059514720079
0.8275000000000001,-0.037607980912845694,-0.03677592193040035
0.8300000000000001,-0.03755700073402942,-0.03674559715220165
0.8325,-0.03750624437510153,-0.036714983547154814
0.835,-0.037455705380582904,-0.03668408737461728
0.8375000000000001,-0.03740537746318639,-0.03665291474727392
0.8400000000000001,-0.03735525449966531,-0.0366214716347545
0.8425,-0.03730533052676214,-0.0365897638671636
0.845,-0.037255599737256784,-0.03655779713852278
0.8474999999999999,-0.03720605647610914,-0.03652557701013026
0.8500000000000001,-0.0371566952366997,-0.036493108913834615
0.8525,-0.03710751065715892,-0.036460398155230486
0.855,-0.03705849751678788,-0.036427449916774206
0.8574999999999999,-0.0370096507325676,-0.03639426926082202
0.8600000000000001,-0.03696096535575091,-0.03636086113259536
0.8625,-0.03691243656854053,-0.03632723036307129
0.865,-0.0368640596808471,-0.03629338167180199
0.8674999999999999,-0.036815830127127656,-0.03625931966966448
0.8700000000000001,-0.03676774346329951,-0.03622504886154392
0.8725,-0.036719795363733314,-0.03619057364894753
0.875,-0.036671981618316585,-0.036155898332556856
0.8775,-0.0366242981295902,-0.03612102711471612
0.8800000000000001,-0.03657674090995604,-0.03608596410185811
0.8825000000000001,-0.03652930607895294,-0.03605071330687047
0.885,-0.03648198986059802,-0.03601527865140454
0.8875,-0.03643478858079446,-0.03597966396812615
0.8900000000000001,-0.03638769866480455,-0.03594387300290912
0.8925000000000001,-0.036340716634779835,-0.035907909416978946
0.895,-0.03629383910735765,-0.035871776788998354
0.8975,-0.036247062791314434,-0.035835478617103025
0.9000000000000001,-0.03620038448527354,-0.035799018320889754
0.9025000000000001,-0.036153801075474834,-0.03576239924335053
0.905,-0.03610730953359675,-0.035725624652760794
0.9075,-0.036060906914628474,-0.03568869774452364
0.9099999999999999,-0.036014590354801375,-0.03565162164296247
0.9125000000000001,-0.035968357069565145,-0.03561439940307438
0.915,-0.03592220435161649,-0.03557703401223769
0.9175,-0.03587612956897684,-0.035539528391876574
0.9199999999999999,-0.035830130163115065,-0.03550188539908628
0.9225000000000001,-0.03578420364711798,-0.035464107828216816
0.925,-0.03573834760390583,-0.03542619841241713
0.9275,-0.03569255968449147,-0.035388159825141145
0.9299999999999999,-0.03564683760628202,-0.03534999468161677
0.9325000000000001,-0.03560117915142236,-0.035311705540278314
0.935,-0.03555558216518015,-0.035273294904162665
0.9375,-0.03551004455436904,-0.035234765222272084
0.94,-0.03546456428581341,-0.03519611889090075
0.9425000000000001,-0.035419139384847836,-0.035157358254931104
0.9450000000000001,-0.03537376793385387,-0.03511848560909741
0.9475,-0.03532844807083693,-0.03507950319921457
0.95,-0.03528317798803201,-0.035040413223381583
0.9525000000000001,-0.03523795593054899,-0.03500121783315056
0.9550000000000001,-0.035192780195046854,-0.034961919134670685
0.9575,-0.035147649128445604,-0.03492251918979879
0.96,-0.035102561126664884,-0.03488302001718736
0.9625000000000001,-0.03505751463339706,-0.034843423593341895
0.9650000000000001,-0.03501250813890891,-0.03480373185365374
0.9675,-0.03496754017887308,-0.03476394669340659
0.97,-0.03492260933322902,-0.03472406996875777
0.9724999999999999,-0.03487771422507162,-0.03468410349769506
0.9750000000000001,-0.03483285351956627,-0.034644049060970454
0.9775,-0.034788025922892395,-0.03460390840300956
0.98,-0.03474323018121155,-0.03456368323279903
0.9824999999999999,-0.034698465079661185,-0.034523375224752094
0.9850000000000001,-0.03465372944137402,-0.034482986019551576
0.9875,-0.03460902212652064,-0.034442517224972796
0.99,-0.034564342031377614,-0.03440197041668431
0.9924999999999999,-0.03451968808741351,-0.03436134713903286
0.9950000000000001,-0.03447505926040489,-0.03432064890580257
0.9975,-0.03443045454956783,-0.03427987720096031
1.0,-0.03438587298671383,-0.034239033479380225
1.0025,-0.0343413136354256,-0.03419811916755062
1.0050000000000001,-0.03429677559025372,-0.03415713566426294
1.0075,-0.03425225797593267,-0.03411608434128388
1.01,-0.034207759946616,-0.03407496654401077
1.0125,-0.034163280685131,-0.034033783592110144
1.0150000000000001,-0.03411881940225186,-0.03399253678014029
1.0175,-0.03407437533598826,-0.03395122737816004
1.02,-0.034029947750895836,-0.03390985663231921
1.0225,-0.03398553593739991,-0.033868425765436964
1.0250000000000001,-0.03394113921113754,-0.03382693597756448
1.0275,-0.03389675691231553,-0.03378538844653391
1.03,-0.033852388405084206,-0.03374378432849339
1.0325,-0.03380803307692616,-0.03370212475842936
1.035,-0.03376369033806216,-0.03366041085067385
1.0375,-0.03371935962086731,-0.03361864369940274
1.04,-0.03367504037930669,-0.03357682437911755
1.0425,-0.033630732088381014,-0.033534953945118025
1.045,-0.03358643424358903,-0.03349303343396084
1.0475,-0.033542146360399774,-0.033451063863909086
1.05,-0.033497867973741526,-0.03340904623536786
1.0525,-0.03345359863749949,-0.03336698153131207
1.055,-0.03340933792402947,-0.033324870717700336
1.0575,-0.03336508542368078,-0.03328271474388097
1.06,-0.033320840744333294,-0.03324051454298591
1.0625,-0.03327660351094333,-0.03319827103231669
1.065,-0.0332323733651026,-0.033155985113719325
1.0675000000000001,-0.03318814996460677,-0.033113657673950865
1.07,-0.0331439329830364,-0.03307128958503519
1.0725,-0.03309972210934625,-0.03302888170461163
1.075,-0.03305551704746632,-0.03298643487627352
1.0775000000000001,-0.033011317515911145,-0.032943949929899456
1.08,-0.03296712324739879,-0.032901427681976264
1.0825,-0.03292293398848277,-0.03285886893591095
1.085,-0.03287874949918677,-0.03281627448233999
1.0875000000000001,-0.03283456955265447,-0.0327736450994258
1.09,-0.03279039393480371,-0.03273098155314939
1.0925,-0.03274622244399139,-0.0326882845975936
1.095,-0.032702054890685665,-0.03264555497522058
1.0975,-0.03265789109714735,-0.032602793417140466
1.1,-0.03261373089711633,-0.032560000643376726
1.1025,-0.03256957413551135,-0.032517177363119265
1.105,-0.03252542066812871,-0.032474324274978726
1.1075,-0.03248127036135792,-0.03243144206722627
1.11,-0.03243712309189688,-0.03238853141803371
1.1125,-0.032392978746476696,-0.03234559299570528
1.115,-0.03234883722159481,-0.03230262745890227
1.1175,-0.032304698423253106,-0.032259635456863674
1.12,-0.032260562266701286,-0.0322166176296218
1.1225,-0.032216428676189506,-0.032173574608210465
1.125,-0.03217229758472446,-0.03213050701486968
1.1275,-0.032128168933832746,-0.03208741546324471
1.1300000000000001,-0.03208404267333012,-0.032044300558579465
1.1325,-0.03203991876109573,-0.032001162897906166
1.135,-0.031995797162852384,-0.031958003070229446
1.1375,-0.03195167785195277,-0.0319148216567055
1.1400000000000001,-0.03190756080916879,-0.03187161923081855
1.1425,-0.031863446022489354,-0.03182839635855027
1.145,-0.031819333486919316,-0.031785153598547784
1.1475,-0.0317752232042876,-0.031741891502284146
1.1500000000000001,-0.03173111518305644,-0.03169861061421794
1.1525,-0.03168700943813679,-0.031655311471947306
1.155,-0.0316429059907086,-0.03161199460635996
1.1575,-0.031598804868044915,-0.031568660541780084
1.16,-0.03155470610334059,-0.031525309796110935
1.1625,-0.031510609735544974,-0.03148194288097444
1.165,-0.031466515809198285,-0.031438560301847426
1.1675,-0.03142242437427388,-0.03139516255819286
1.17,-0.031378335486021675,-0.03135175014359015
1.1725,-0.031334249204818185,-0.0313083235458598
1.175,-0.03129016559601707,-0.0312648832471876
1.1775,-0.031246084729807333,-0.031221429724242314
1.18,-0.031202006681071006,-0.03117796344829381
1.1825,-0.031157931529246417,-0.031134484885326462
1.185,-0.03111385935819673,-0.031090994496148185
1.1875,-0.031069790256075033,-0.03104749273650203
1.19,-0.0310257243152024,-0.031003980057167233
1.1925000000000001,-0.03098166163194053,-0.030960456904064498
1.195,-0.03093760230657079,-0.030916923718356217
1.1975,-0.030893546443177967,-0.030873380936542252
1.2,-0.030849494149534463,-0.030829828990555634
1.2025000000000001,-0.030805445536986668,-0.03078626830785643
1.205,-0.030761400720346298,-0.030742699311521415
1.2075,-0.030717359817785447,-0.030699122420330266
1.21,-0.030673322950728568,-0.030655538048854923
1.2125000000000001,-0.030629290243754482,-0.03061194660753991
1.215,-0.030585261824494624,-0.030568348502786287
1.2175,-0.030541237823537022,-0.030524744137030515
1.22,-0.030497218374333272,-0.030481133908820804
1.2225,-0.030453203613104118,-0.030437518212894806
1.225,-0.030409193678751736,-0.030393897440251463
1.2275,-0.03036518871277146,-0.03035027197822349
1.23,-0.030321188859166074,-0.030306642210547498
1.2325,-0.030277194264362543,-0.03026300851743231
1.235,-0.030233205077130402,-0.030219371275625823
1.2375,-0.030189221448504017,-0.03017573085847835
1.24,-0.030145243531703732,-0.03013208763600739
1.2425,-0.030101271482060186,-0.030088441974959215
1.245,-0.03005730545694232,-0.03004479423886788
1.2475,-0.030013345615684504,-0.03000114478811447
1.25,-0.029969392119516797,-0.02995749397998418
