block,arm,K,C,E,N_plus,N_minus,TPR,FPR,yield,precision,truncated_excluded,steps,mean_loss,h_T_delta_theta,delta_theta_norm,clipping_fired,pass1_eval_id,error_eval_id,delta_error_eval_id,pass1_eval_ood,error_eval_ood,delta_error_eval_ood
b00,R,64,48,16,3848,12389,0.012474012474012475,0.0012914682379530228,0.003941614830325799,0.75,147,1,0.11321163414686453,-0.015498710592510179,0.04780742373904994,False,0.249,0.751,-0.003500000000000003,0.216,0.784,-0.009000000000000008
b00,S,64,48,16,3848,12389,0.012474012474012475,0.0012914682379530228,0.003941614830325799,0.75,147,1,0.11122724907181691,-0.015261316057149088,0.04780960069691527,False,0.249,0.751,-0.003500000000000003,0.215,0.785,-0.008000000000000007
b00,null,64,48,16,3848,12389,0.012474012474012475,0.0012914682379530228,0.003941614830325799,0.75,147,0,0.11321163414686453,0.0,0.0,False,0.2455,0.7545,0.0,0.207,0.793,0.0
b01,R,64,48,16,3877,12369,0.012380706732009285,0.0012935564718247231,0.003939431244614059,0.75,138,1,0.12064109920174815,-0.018279344998518354,0.04781556400443852,False,0.251,0.749,-0.005500000000000005,0.214,0.786,-0.007000000000000006
b01,S,64,48,16,3877,12369,0.012380706732009285,0.0012935564718247231,0.003939431244614059,0.75,138,1,0.11700939867296256,-0.01891790677473182,0.047817687202464175,False,0.2505,0.7495,-0.0050000000000000044,0.217,0.783,-0.010000000000000009
b01,null,64,48,16,3877,12369,0.012380706732009285,0.0012935564718247231,0.003939431244614059,0.75,138,0,0.12064109920174815,0.0,0.0,False,0.2455,0.7545,0.0,0.207,0.793,0.0
b02,R,64,48,16,3805,12458,0.012614980289093298,0.0012843152994060042,0.003935313287831274,0.75,121,1,0.11937249469337985,-0.01928658343240386,0.04781505365214882,False,0.2505,0.7495,-0.0050000000000000044,0.216,0.784,-0.009000000000000008
b02,S,64,48,16,3805,12458,0.012614980289093298,0.0012843152994060042,0.003935313287831274,0.75,121,1,0.11620080244028941,-0.01952084049844416,0.04781498317893806,False,0.2535,0.7464999999999999,-0.008000000000000007,0.216,0.784,-0.009000000000000008
b02,null,64,48,16,3805,12458,0.012614980289093298,0.0012843152994060042,0.003935313287831274,0.75,121,0,0.11937249469337985,0.0,0.0,False,0.2455,0.7545,0.0,0.207,0.793,0.0
b03,R,64,48,16,3810,12421,0.012598425196850394,0.0012881410514451333,0.003943071899451666,0.75,153,1,0.1174810619559139,-0.0185375667297194,0.047816525976399,False,0.2475,0.7525,-0.0020000000000000018,0.212,0.788,-0.0050000000000000044
b03,S,64,48,16,3810,12421,0.012598425196850394,0.0012881410514451333,0.003943071899451666,0.75,153,1,0.11259831639472395,-0.0178210611884424,0.047817091148487666,False,0.251,0.749,-0.005500000000000005,0.216,0.784,-0.009000000000000008
b03,null,64,48,16,3810,12421,0.012598425196850394,0.0012881410514451333,0.003943071899451666,0.75,153,0,0.1174810619559139,0.0,0.0,False,0.2455,0.7545,0.0,0.207,0.793,0.0
b04,R,64,48,16,3838,12414,0.012506513809275664,0.0012888674077654262,0.0039379768643859215,0.75,132,1,0.1258114577649394,-0.02091065097192768,0.047821119893580656,False,0.251,0.749,-0.005500000000000005,0.218,0.782,-0.01100000000000001
b04,S,64,48,16,3838,12414,0.012506513809275664,0.0012888674077654262,0.0039379768643859215,0.75,132,1,0.12652418356447015,-0.020850648183113663,0.04782157272626982,False,0.2495,0.7505,-0.0040000000000000036,0.217,0.783,-0.010000000000000009
b04,null,64,48,16,3838,12414,0.012506513809275664,0.0012888674077654262,0.0039379768643859215,0.75,132,0,0.1258114577649394,0.0,0.0,False,0.2455,0.7545,0.0,0.207,0.793,0.0
