a,b,L,q,theta0,eta,gradient_S_q,theta1,P_before,P_after,delta_P,delta_P_pp,initial_query_fraction,q_critical_raw,initial_effect
0.75,0.5,3.0,0.0,0.0,0.1,0.0,-0.0,0.5,0.5,0.0,0.0,0.0,0.0,zero
0.75,0.5,3.034,0.002801582069874742,0.0,0.1,0.0,-0.0,0.5,0.5,0.0,0.0,0.0019611074489123193,0.002801582069874742,zero
0.75,0.5,3.068,0.005541069100391149,0.0,0.1,0.0,-0.0,0.5,0.5,0.0,0.0,0.0038787483702738047,0.005541069100391149,zero
0.75,0.5,3.102,0.008220502901353954,0.0,0.1,0.0,-0.0,0.5,0.5,0.0,0.0,0.005754352030947768,0.008220502901353954,zero
0.75,0.5,3.136,0.010841836734693883,0.0,0.1,0.0,-0.0,0.5,0.5,0.0,0.0,0.007589285714285718,0.010841836734693883,zero
0.75,0.5,3.17,0.013406940063091483,0.0,0.1,0.0,-0.0,0.5,0.5,0.0,0.0,0.009384858044164038,0.013406940063091483,zero
0.75,0.5,3.204,0.015917602996254693,0.0,0.1,0.0,-0.0,0.5,0.5,0.0,0.0,0.011142322097378286,0.015917602996254693,zero
0.75,0.5,3.238,0.018375540457072265,0.0,0.1,0.0,-0.0,0.5,0.5,0.0,0.0,0.012862878319950585,0.018375540457072265,zero
0.75,0.5,3.2720000000000002,0.020782396088019572,0.0,0.1,0.0,-0.0,0.5,0.5,0.0,0.0,0.014547677261613701,0.020782396088019572,zero
0.75,0.5,3.306,0.023139745916515436,0.0,0.1,0.0,-0.0,0.5,0.5,0.0,0.0,0.016197822141560805,0.023139745916515436,zero
0.75,0.5,3.34,0.025449101796407164,0.0,0.1,0.0,-0.0,0.5,0.5,0.0,0.0,0.017814371257485015,0.025449101796407164,zero
0.75,0.5,3.374,0.027711914641375235,0.0,0.1,0.0,-0.0,0.5,0.5,0.0,0.0,0.019398340248962663,0.027711914641375235,zero
0.75,0.5,3.408,0.02992957746478872,0.0,0.1,0.0,-0.0,0.5,0.5,0.0,0.0,0.020950704225352106,0.02992957746478872,zero
0.75,0.5,3.442,0.032103428239395715,0.0,0.1,0.0,-0.0,0.5,0.5,0.0,0.0,0.022472399767577,0.032103428239395715,zero
0.75,0.5,3.476,0.03423475258918296,0.0,0.1,0.0,-0.0,0.5,0.5,0.0,0.0,0.02396432681242807,0.03423475258918296,zero
0.75,0.5,3.51,0.03632478632478631,0.0,0.1,0.0,-0.0,0.5,0.5,0.0,0.0,0.025427350427350413,0.03632478632478631,zero
0.75,0.5,3.544,0.03837471783295712,0.0,0.1,0.0,-0.0,0.5,0.5,0.0,0.0,0.026862302483069988,0.03837471783295712,zero
0.75,0.5,3.5780000000000003,0.040385690329793195,0.0,0.1,0.0,-0.0,0.5,0.5,0.0,0.0,0.028269983230855233,0.040385690329793195,zero
0.75,0.5,3.612,0.04235880398671096,0.0,0.1,0.0,-0.0,0.5,0.5,0.0,0.0,0.029651162790697672,0.04235880398671096,zero
0.75,0.5,3.646,0.04429511793746571,0.0,0.1,0.0,-0.0,0.5,0.5,0.0,0.0,0.031006582556225997,0.04429511793746571,zero
0.75,0.5,3.68,0.046195652173913054,0.0,0.1,0.0,-0.0,0.5,0.5,0.0,0.0,0.03233695652173914,0.046195652173913054,zero
0.75,0.5,3.714,0.04806138933764134,0.0,0.1,0.0,-0.0,0.5,0.5,0.0,0.0,0.03364297253634894,0.04806138933764134,zero
0.75,0.5,3.748,0.04989327641408753,0.0,0.1,0.0,-0.0,0.5,0.5,0.0,0.0,0.03492529348986127,0.04989327641408753,zero
0.75,0.5,3.782,0.051692226335272345,0.0,0.1,0.0,-0.0,0.5,0.5,0.0,0.0,0.036184558434690636,0.051692226335272345,zero
0.75,0.5,3.816,0.053459119496855334,0.0,0.1,0.0,-0.0,0.5,0.5,0.0,0.0,0.037421383647798734,0.053459119496855334,zero
0.75,0.5,3.85,0.055194805194805185,0.0,0.1,0.0,-0.0,0.5,0.5,0.0,0.0,0.03863636363636363,0.055194805194805185,zero
0.75,0.5,3.8840000000000003,0.056900102986611745,0.0,0.1,0.0,-0.0,0.5,0.5,0.0,0.0,0.03983007209062822,0.056900102986611745,zero
0.75,0.5,3.918,0.05857580398162329,0.0,0.1,0.0,-0.0,0.5,0.5,0.0,0.0,0.0410030627871363,0.05857580398162329,zero
0.75,0.5,3.952,0.06022267206477733,0.0,0.1,0.0,-0.0,0.5,0.5,0.0,0.0,0.04215587044534413,0.06022267206477733,zero
0.75,0.5,3.986,0.06184144505770198,0.0,0.1,0.0,-0.0,0.5,0.5,0.0,0.0,0.04328901154039139,0.06184144505770198,zero
0.75,0.5,4.02,0.06343283582089551,0.0,0.1,0.0,-0.0,0.5,0.5,0.0,0.0,0.04440298507462685,0.06343283582089551,zero
0.75,0.5,4.054,0.06499753330044403,0.0,0.1,0.0,-0.0,0.5,0.5,0.0,0.0,0.045498273310310824,0.06499753330044403,zero
0.75,0.5,4.088,0.06653620352250489,0.0,0.1,0.0,-0.0,0.5,0.5,0.0,0.0,0.04657534246575342,0.06653620352250489,zero
0.75,0.5,4.122,0.06804949053857351,0.0,0.1,0.0,-0.0,0.5,0.5,0.0,0.0,0.047634643377001455,0.06804949053857351,zero
0.75,0.5,4.156000000000001,0.06953801732435036,0.0,0.1,0.0,-0.0,0.5,0.5,0.0,0.0,0.04867661212704525,0.06953801732435036,zero
0.75,0.5,4.19,0.07100238663484487,0.0,0.1,2.2853522344285955e-17,-2.2853522344285956e-18,0.5,0.5,0.0,0.0,0.04970167064439141,0.07100238663484487,zero
0.75,0.5,4.224,0.07244318181818182,0.0,0.1,0.0,-0.0,0.5,0.5,0.0,0.0,0.05071022727272727,0.07244318181818182,zero
0.75,0.5,4.258,0.07386096759041805,0.0,0.1,0.0,-0.0,0.5,0.5,0.0,0.0,0.05170267731329263,0.07386096759041805,zero
0.75,0.5,4.292,0.07525629077353216,0.0,0.1,-2.2893615939709673e-17,2.2893615939709675e-18,0.5,0.5,0.0,0.0,0.05267940354147251,0.07525629077353216,zero
0.75,0.5,4.3260000000000005,0.07662968099861306,0.0,0.1,0.0,-0.0,0.5,0.5,0.0,0.0,0.053640776699029134,0.07662968099861306,zero
0.75,0.5,4.36,0.0779816513761468,0.0,0.1,0.0,-0.0,0.5,0.5,0.0,0.0,0.054587155963302755,0.0779816513761468,zero
0.75,0.5,4.394,0.07931269913518435,0.0,0.1,0.0,-0.0,0.5,0.5,0.0,0.0,0.05551888939462905,0.07931269913518435,zero
0.75,0.5,4.428,0.08062330623306233,0.0,0.1,0.0,-0.0,0.5,0.5,0.0,0.0,0.05643631436314363,0.08062330623306233,zero
0.75,0.5,4.462,0.08191393993724785,0.0,0.1,0.0,-0.0,0.5,0.5,0.0,0.0,0.0573397579560735,0.08191393993724785,zero
0.75,0.5,4.496,0.08318505338078294,0.0,0.1,0.0,-0.0,0.5,0.5,0.0,0.0,0.058229537366548054,0.08318505338078294,zero
0.75,0.5,4.53,0.08443708609271525,0.0,0.1,0.0,-0.0,0.5,0.5,0.0,0.0,0.05910596026490067,0.08443708609271525,zero
0.75,0.5,4.564,0.08567046450482033,0.0,0.1,0.0,-0.0,0.5,0.5,0.0,0.0,0.059969325153374234,0.08567046450482033,zero
0.75,0.5,4.598,0.08688560243584167,0.0,0.1,0.0,-0.0,0.5,0.5,0.0,0.0,0.060819921705089174,0.08688560243584167,zero
0.75,0.5,4.632,0.08808290155440412,0.0,0.1,0.0,-0.0,0.5,0.5,0.0,0.0,0.06165803108808289,0.08808290155440412,zero
0.75,0.5,4.666,0.08926275182168883,0.0,0.1,0.0,-0.0,0.5,0.5,0.0,0.0,0.06248392627518218,0.08926275182168883,zero
0.75,0.5,4.7,0.09042553191489364,0.0,0.1,-2.3037740466835478e-17,2.303774046683548e-18,0.5,0.5,0.0,0.0,0.06329787234042554,0.09042553191489364,zero
0.75,0.5,4.734,0.09157160963244612,0.0,0.1,2.3048703234554623e-17,-2.3048703234554625e-18,0.5,0.5,0.0,0.0,0.06410012674271229,0.09157160963244612,zero
0.75,0.5,4.768000000000001,0.0927013422818792,0.0,0.1,0.0,-0.0,0.5,0.5,0.0,0.0,0.06489093959731544,0.0927013422818792,zero
0.75,0.5,4.802,0.09381507705122863,0.0,0.1,2.3070193276429105e-17,-2.3070193276429108e-18,0.5,0.5,0.0,0.0,0.06567055393586005,0.09381507705122863,zero
0.75,0.5,4.836,0.09491315136476428,0.0,0.1,0.0,-0.0,0.5,0.5,0.0,0.0,0.06643920595533499,0.09491315136476428,zero
0.75,0.5,4.87,0.0959958932238193,0.0,0.1,0.0,-0.0,0.5,0.5,0.0,0.0,0.06719712525667351,0.0959958932238193,zero
0.75,0.5,4.904,0.09706362153344208,0.0,0.1,0.0,-0.0,0.5,0.5,0.0,0.0,0.06794453507340946,0.09706362153344208,zero
0.75,0.5,4.938000000000001,0.09811664641555287,0.0,0.1,0.0,-0.0,0.5,0.5,0.0,0.0,0.06868165249088701,0.09811664641555287,zero
0.75,0.5,4.972,0.09915526950925183,0.0,0.1,0.0,-0.0,0.5,0.5,0.0,0.0,0.06940868865647629,0.09915526950925183,zero
0.75,0.5,5.006,0.10017978425888935,0.0,0.1,0.0,-0.0,0.5,0.5,0.0,0.0,0.07012584898122254,0.10017978425888935,zero
0.75,0.5,5.04,0.10119047619047619,0.0,0.1,0.0,-0.0,0.5,0.5,0.0,0.0,0.07083333333333333,0.10119047619047619,zero
0.75,0.5,5.074,0.10218762317698069,0.0,0.1,0.0,-0.0,0.5,0.5,0.0,0.0,0.07153133622388648,0.10218762317698069,zero
0.75,0.5,5.1080000000000005,0.10317149569303055,0.0,0.1,0.0,-0.0,0.5,0.5,0.0,0.0,0.07222004698512138,0.10317149569303055,zero
0.75,0.5,5.142,0.10414235705950992,0.0,0.1,2.3169636724796277e-17,-2.3169636724796277e-18,0.5,0.5,0.0,0.0,0.07289964994165694,0.10414235705950992,zero
0.75,0.5,5.176,0.10510046367851622,0.0,0.1,2.317890599975722e-17,-2.3178905999757224e-18,0.5,0.5,0.0,0.0,0.07357032457496135,0.10510046367851622,zero
0.75,0.5,5.21,0.10604606525911708,0.0,0.1,0.0,-0.0,0.5,0.5,0.0,0.0,0.07423224568138195,0.10604606525911708,zero
0.75,0.5,5.244,0.10697940503432493,0.0,0.1,0.0,-0.0,0.5,0.5,0.0,0.0,0.07488558352402745,0.10697940503432493,zero
0.75,0.5,5.2780000000000005,0.1079007199696855,0.0,0.1,0.0,-0.0,0.5,0.5,0.0,0.0,0.07553050397877985,0.1079007199696855,zero
0.75,0.5,5.312,0.10881024096385544,0.0,0.1,-2.3214866583250004e-17,2.3214866583250007e-18,0.5,0.5,0.0,0.0,0.07616716867469882,0.10881024096385544,zero
0.75,0.5,5.346,0.10970819304152638,0.0,0.1,0.0,-0.0,0.5,0.5,0.0,0.0,0.07679573512906847,0.10970819304152638,zero
0.75,0.5,5.380000000000001,0.11059479553903348,0.0,0.1,0.0,-0.0,0.5,0.5,0.0,0.0,0.07741635687732343,0.11059479553903348,zero
0.75,0.5,5.414,0.11147026228297008,0.0,0.1,0.0,-0.0,0.5,0.5,0.0,0.0,0.07802918359807906,0.11147026228297008,zero
0.75,0.5,5.448,0.11233480176211455,0.0,0.1,0.0,-0.0,0.5,0.5,0.0,0.0,0.0786343612334802,0.11233480176211455,zero
0.75,0.5,5.482,0.11318861729295879,0.0,0.1,0.0,-0.0,0.5,0.5,0.0,0.0,0.07923203210507115,0.11318861729295879,zero
0.75,0.5,5.516,0.1140319071791153,0.0,0.1,0.0,-0.0,0.5,0.5,0.0,0.0,0.0798223350253807,0.1140319071791153,zero
0.75,0.5,5.550000000000001,0.11486486486486489,0.0,0.1,0.0,-0.0,0.5,0.5,0.0,0.0,0.08040540540540542,0.11486486486486489,zero
0.75,0.5,5.584,0.11568767908309455,0.0,0.1,0.0,-0.0,0.5,0.5,0.0,0.0,0.08098137535816619,0.11568767908309455,zero
0.75,0.5,5.618,0.116500533997864,0.0,0.1,2.328976868804051e-17,-2.328976868804051e-18,0.5,0.5,0.0,0.0,0.0815503737985048,0.116500533997864,zero
0.75,0.5,5.652,0.1173036093418259,0.0,0.1,0.0,-0.0,0.5,0.5,0.0,0.0,0.08211252653927813,0.1173036093418259,zero
0.75,0.5,5.686,0.11809708054871615,0.0,0.1,0.0,-0.0,0.5,0.5,0.0,0.0,0.08266795638410131,0.11809708054871615,zero
0.75,0.5,5.720000000000001,0.11888111888111891,0.0,0.1,-2.3313053233685375e-17,2.3313053233685376e-18,0.5,0.5,0.0,0.0,0.08321678321678323,0.11888111888111891,zero
0.75,0.5,5.754,0.11965589155370177,0.0,0.1,0.0,-0.0,0.5,0.5,0.0,0.0,0.08375912408759123,0.11965589155370177,zero
0.75,0.5,5.788,0.12042156185210781,0.0,0.1,0.0,-0.0,0.5,0.5,0.0,0.0,0.08429509329647547,0.12042156185210781,zero
0.75,0.5,5.822,0.1211782892476812,0.0,0.1,0.0,-0.0,0.5,0.5,0.0,0.0,0.08482480247337684,0.1211782892476812,zero
0.75,0.5,5.856,0.12192622950819673,0.0,0.1,-2.334290547251514e-17,2.334290547251514e-18,0.5,0.5,0.0,0.0,0.08534836065573771,0.12192622950819673,zero
0.75,0.5,5.890000000000001,0.12266553480475384,0.0,0.1,0.0,-0.0,0.5,0.5,0.0,0.0,0.08586587436332768,0.12266553480475384,zero
0.75,0.5,5.924,0.12339635381498987,0.0,0.1,2.335734497435694e-17,-2.335734497435694e-18,0.5,0.5,0.0,0.0,0.08637744767049291,0.12339635381498987,zero
0.75,0.5,5.958,0.12411883182275932,0.0,0.1,0.0,-0.0,0.5,0.5,0.0,0.0,0.08688318227593153,0.12411883182275932,zero
0.75,0.5,5.992,0.12483311081441922,0.0,0.1,0.0,-0.0,0.5,0.5,0.0,0.0,0.08738317757009346,0.12483311081441922,zero
0.75,0.5,6.026,0.1255393295718553,0.0,0.1,0.0,-0.0,0.5,0.5,0.0,0.0,0.0878775307002987,0.1255393295718553,zero
0.75,0.5,6.0600000000000005,0.12623762376237624,0.0,0.1,0.0,-0.0,0.5,0.5,0.0,0.0,0.08836633663366336,0.12623762376237624,zero
0.75,0.5,6.094,0.12692812602559894,0.0,0.1,2.3392107015405404e-17,-2.3392107015405407e-18,0.5,0.5,0.0,0.0,0.08884968821791925,0.12692812602559894,zero
0.75,0.5,6.128,0.12761096605744127,0.0,0.1,-2.3398839919187506e-17,2.339883991918751e-18,0.5,0.5,0.0,0.0,0.08932767624020889,0.12761096605744127,zero
0.75,0.5,6.162000000000001,0.128286270691334,0.0,0.1,0.0,-0.0,0.5,0.5,0.0,0.0,0.08980038948393379,0.128286270691334,zero
0.75,0.5,6.196,0.12895416397675918,0.0,0.1,2.341209536647427e-17,-2.3412095366474273e-18,0.5,0.5,0.0,0.0,0.09026791478373143,0.12895416397675918,zero
0.75,0.5,6.23,0.1296147672552167,0.0,0.1,0.0,-0.0,0.5,0.5,0.0,0.0,0.09073033707865169,0.1296147672552167,zero
0.75,0.5,6.264,0.13026819923371646,0.0,0.1,2.342507756080565e-17,-2.342507756080565e-18,0.5,0.5,0.0,0.0,0.09118773946360152,0.13026819923371646,zero
0.75,0.5,6.298,0.13091457605589074,0.0,0.1,2.3431468815017044e-17,-2.3431468815017044e-18,0.5,0.5,0.0,0.0,0.09164020323912352,0.13091457605589074,zero
0.75,0.5,6.332000000000001,0.1315540113708149,0.0,0.1,2.3437794865394717e-17,-2.343779486539472e-18,0.5,0.5,0.0,0.0,0.09208780795957043,0.1315540113708149,zero
0.75,0.5,6.366,0.13218661639962298,0.0,0.1,2.3444056704692824e-17,-2.3444056704692825e-18,0.5,0.5,0.0,0.0,0.09253063147973609,0.13218661639962298,zero
0.75,0.5,6.4,0.1328125,0.0,0.1,0.0,-0.0,0.5,0.5,0.0,0.0,0.09296875,0.1328125,zero
0.75,0.5,6.434,0.13343176872862916,0.0,0.1,0.0,-0.0,0.5,0.5,0.0,0.0,0.09340223811004042,0.13343176872862916,zero
0.75,0.5,6.468,0.13404452690166976,0.0,0.1,0.0,-0.0,0.5,0.5,0.0,0.0,0.09383116883116883,0.13404452690166976,zero
0.75,0.5,6.502000000000001,0.13465087665333744,0.0,0.1,0.0,-0.0,0.5,0.5,0.0,0.0,0.09425561365733622,0.13465087665333744,zero
0.75,0.5,6.5360000000000005,0.13525091799265607,0.0,0.1,0.0,-0.0,0.5,0.5,0.0,0.0,0.09467564259485925,0.13525091799265607,zero
0.75,0.5,6.57,0.1358447488584475,0.0,0.1,0.0,-0.0,0.5,0.5,0.0,0.0,0.09509132420091324,0.1358447488584475,zero
0.75,0.5,6.604,0.13643246517262264,0.0,0.1,2.3486170973875757e-17,-2.348617097387576e-18,0.5,0.5,0.0,0.0,0.09550272562083585,0.13643246517262264,zero
0.75,0.5,6.638,0.13701416089183488,0.0,0.1,2.3491952559567078e-17,-2.349195255956708e-18,0.5,0.5,0.0,0.0,0.09590991262428442,0.13701416089183488,zero
0.75,0.5,6.672000000000001,0.13758992805755396,0.0,0.1,0.0,-0.0,0.5,0.5,0.0,0.0,0.09631294964028778,0.13758992805755396,zero
0.75,0.5,6.706,0.13815985684461676,0.0,0.1,0.0,-0.0,0.5,0.5,0.0,0.0,0.09671189979123174,0.13815985684461676,zero
0.75,0.5,6.74,0.1387240356083086,0.0,0.1,2.3508963826495618e-17,-2.350896382649562e-18,0.5,0.5,0.0,0.0,0.09710682492581602,0.1387240356083086,zero
0.75,0.5,6.774000000000001,0.1392825509300266,0.0,0.1,0.0,-0.0,0.5,0.5,0.0,0.0,0.0974977856510186,0.1392825509300266,zero
0.75,0.5,6.808,0.1398354876615746,0.0,0.1,0.0,-0.0,0.5,0.5,0.0,0.0,0.09788484136310223,0.1398354876615746,zero
0.75,0.5,6.8420000000000005,0.14038292896813798,0.0,0.1,0.0,-0.0,0.5,0.5,0.0,0.0,0.09826805027769658,0.14038292896813798,zero
0.75,0.5,6.876,0.14092495636998253,0.0,0.1,2.353089673054243e-17,-2.3530896730542433e-18,0.5,0.5,0.0,0.0,0.09864746945898777,0.14092495636998253,zero
0.75,0.5,6.91,0.1414616497829233,0.0,0.1,0.0,-0.0,0.5,0.5,0.0,0.0,0.09902315484804632,0.1414616497829233,zero
0.75,0.5,6.944000000000001,0.1419930875576037,0.0,0.1,0.0,-0.0,0.5,0.5,0.0,0.0,0.0993951612903226,0.1419930875576037,zero
0.75,0.5,6.978,0.14251934651762682,0.0,0.1,0.0,-0.0,0.5,0.5,0.0,0.0,0.09976354256233877,0.14251934651762682,zero
0.75,0.5,7.0120000000000005,0.1430405019965773,0.0,0.1,0.0,-0.0,0.5,0.5,0.0,0.0,0.10012835139760412,0.1430405019965773,zero
0.75,0.5,7.046,0.14355662787397105,0.0,0.1,0.0,-0.0,0.5,0.5,0.0,0.0,0.10048963951177974,0.14355662787397105,zero
0.75,0.5,7.08,0.1440677966101695,0.0,0.1,0.0,-0.0,0.5,0.5,0.0,0.0,0.10084745762711864,0.1440677966101695,zero
0.75,0.5,7.114,0.14457407928029237,0.0,0.1,2.356735176553386e-17,-2.3567351765533863e-18,0.5,0.5,0.0,0.0,0.10120185549620467,0.14457407928029237,zero
0.75,0.5,7.148000000000001,0.14507554560716285,0.0,0.1,0.0,-0.0,0.5,0.5,0.0,0.0,0.101552881925014,0.14507554560716285,zero
0.75,0.5,7.182,0.14557226399331663,0.0,0.1,0.0,-0.0,0.5,0.5,0.0,0.0,0.10190058479532164,0.14557226399331663,zero
0.75,0.5,7.216,0.14606430155210642,0.0,0.1,2.35822717111007e-17,-2.35822717111007e-18,0.5,0.5,0.0,0.0,0.1022450110864745,0.14606430155210642,zero
0.75,0.5,7.25,0.14655172413793105,0.0,0.1,-2.3587155834527135e-17,2.3587155834527136e-18,0.5,0.5,0.0,0.0,0.10258620689655173,0.14655172413793105,zero
0.75,0.5,7.284000000000001,0.1470345963756178,0.0,0.1,0.0,-0.0,0.5,0.5,0.0,0.0,0.10292421746293245,0.1470345963756178,zero
0.75,0.5,7.3180000000000005,0.14751298168898608,0.0,0.1,-2.3596793860785036e-17,2.359679386078504e-18,0.5,0.5,0.0,0.0,0.10325908718229027,0.14751298168898608,zero
0.75,0.5,7.352,0.1479869423286181,0.0,0.1,-2.3601548915811218e-17,2.360154891581122e-18,0.5,0.5,0.0,0.0,0.10359085963003264,0.1479869423286181,zero
0.75,0.5,7.386,0.14845653939886272,0.0,0.1,0.0,-0.0,0.5,0.5,0.0,0.0,0.10391957757920389,0.14845653939886272,zero
0.75,0.5,7.42,0.14892183288409705,0.0,0.1,-2.361093391435558e-17,2.3610933914355584e-18,0.5,0.5,0.0,0.0,0.10424528301886793,0.14892183288409705,zero
0.75,0.5,7.454000000000001,0.14938288167426886,0.0,0.1,0.0,-0.0,0.5,0.5,0.0,0.0,0.1045680171719882,0.14938288167426886,zero
0.75,0.5,7.488,0.1498397435897436,0.0,0.1,-2.3620155723358258e-17,2.362015572335826e-18,0.5,0.5,0.0,0.0,0.10488782051282053,0.1498397435897436,zero
0.75,0.5,7.522,0.15029247540547727,0.0,0.1,0.0,-0.0,0.5,0.5,0.0,0.0,0.10520473278383409,0.15029247540547727,zero
0.75,0.5,7.556,0.15074113287453678,0.0,0.1,2.362921856252516e-17,-2.3629218562525163e-18,0.5,0.5,0.0,0.0,0.10551879301217575,0.15074113287453678,zero
0.75,0.5,7.590000000000001,0.15118577075098816,0.0,0.1,0.0,-0.0,0.5,0.5,0.0,0.0,0.1058300395256917,0.15118577075098816,zero
0.75,0.5,7.6240000000000006,0.15162644281217208,0.0,0.1,2.3638126507322926e-17,-2.363812650732293e-18,0.5,0.5,0.0,0.0,0.10613850996852045,0.15162644281217208,zero
0.75,0.5,7.658,0.15206320188038652,0.0,0.1,0.0,-0.0,0.5,0.5,0.0,0.0,0.10644424131627057,0.15206320188038652,zero
0.75,0.5,7.692,0.15249609984399376,0.0,0.1,0.0,-0.0,0.5,0.5,0.0,0.0,0.10674726989079564,0.15249609984399376,zero
0.75,0.5,7.726,0.15292518767797048,0.0,0.1,2.3651206574169245e-17,-2.3651206574169246e-18,0.5,0.5,0.0,0.0,0.10704763137457933,0.15292518767797048,zero
0.75,0.5,7.760000000000001,0.15335051546391754,0.0,0.1,0.0,-0.0,0.5,0.5,0.0,0.0,0.10734536082474229,0.15335051546391754,zero
0.75,0.5,7.7940000000000005,0.1537721324095458,0.0,0.1,2.3659744220951164e-17,-2.3659744220951166e-18,0.5,0.5,0.0,0.0,0.10764049268668205,0.1537721324095458,zero
0.75,0.5,7.828,0.15419008686765456,0.0,0.1,2.366395969276732e-17,-2.3663959692767324e-18,0.5,0.5,0.0,0.0,0.10793306080735818,0.15419008686765456,zero
0.75,0.5,7.862,0.15460442635461713,0.0,0.1,2.3668140187106433e-17,-2.3668140187106433e-18,0.5,0.5,0.0,0.0,0.108223098448232,0.15460442635461713,zero
0.75,0.5,7.896000000000001,0.15501519756838905,0.0,0.1,2.3672286137503338e-17,-2.367228613750334e-18,0.5,0.5,0.0,0.0,0.10851063829787233,0.15501519756838905,zero
0.75,0.5,7.930000000000001,0.15542244640605296,0.0,0.1,2.367639797035765e-17,-2.367639797035765e-18,0.5,0.5,0.0,0.0,0.10879571248423707,0.15542244640605296,zero
0.75,0.5,7.964,0.15582621798091412,0.0,0.1,0.0,-0.0,0.5,0.5,0.0,0.0,0.10907835258663989,0.15582621798091412,zero
0.75,0.5,7.998,0.1562265566391598,0.0,0.1,0.0,-0.0,0.5,0.5,0.0,0.0,0.10935858964741185,0.1562265566391598,zero
0.75,0.5,8.032,0.15662350597609562,0.0,0.1,0.0,-0.0,0.5,0.5,0.0,0.0,0.10963645418326692,0.15662350597609562,zero
0.75,0.5,8.066,0.15701710885197123,0.0,0.1,2.3692512412695485e-17,-2.3692512412695486e-18,0.5,0.5,0.0,0.0,0.10991197619637987,0.15701710885197123,zero
0.75,0.5,8.100000000000001,0.15740740740740744,0.0,0.1,-2.3696459814133778e-17,2.3696459814133778e-18,0.5,0.5,0.0,0.0,0.1101851851851852,0.15740740740740744,zero
0.75,0.5,8.134,0.1577944430784362,0.0,0.1,-2.37003755145291e-17,2.37003755145291e-18,0.5,0.5,0.0,0.0,0.11045611015490535,0.1577944430784362,zero
0.75,0.5,8.168,0.15817825661116552,0.0,0.1,-2.3704259894234314e-17,2.3704259894234315e-18,0.5,0.5,0.0,0.0,0.11072477962781586,0.15817825661116552,zero
0.75,0.5,8.202,0.15855888807607899,0.0,0.1,2.370811332754181e-17,-2.3708113327541814e-18,0.5,0.5,0.0,0.0,0.11099122165325528,0.15855888807607899,zero
0.75,0.5,8.236,0.15893637688198153,0.0,0.1,2.3711936182803766e-17,-2.371193618280377e-18,0.5,0.5,0.0,0.0,0.11125546381738707,0.15893637688198153,zero
0.75,0.5,8.27,0.15931076178960096,0.0,0.1,0.0,-0.0,0.5,0.5,0.0,0.0,0.11151753325272067,0.15931076178960096,zero
0.75,0.5,8.304,0.15968208092485547,0.0,0.1,4.7438983207200266e-17,-4.743898320720027e-18,0.5,0.5,0.0,0.0,0.11177745664739884,0.15968208092485547,zero
0.75,0.5,8.338000000000001,0.1600503717917966,0.0,0.1,2.3723224877180377e-17,-2.372322487718038e-18,0.5,0.5,0.0,0.0,0.11203526025425763,0.1600503717917966,zero
0.75,0.5,8.372,0.16041567128523648,0.0,0.1,2.3726928989027955e-17,-2.3726928989027958e-18,0.5,0.5,0.0,0.0,0.11229096989966554,0.16041567128523648,zero
0.75,0.5,8.406,0.16077801570306924,0.0,0.1,0.0,-0.0,0.5,0.5,0.0,0.0,0.11254461099214848,0.16077801570306924,zero
0.75,0.5,8.440000000000001,0.16113744075829384,0.0,0.1,2.3734251083678626e-17,-2.3734251083678626e-18,0.5,0.5,0.0,0.0,0.11279620853080567,0.16113744075829384,zero
0.75,0.5,8.474,0.16149398159074818,0.0,0.1,-2.3737869731470182e-17,2.3737869731470182e-18,0.5,0.5,0.0,0.0,0.11304578711352373,0.16149398159074818,zero
0.75,0.5,8.508,0.16184767277856132,0.0,0.1,4.7482921095414633e-17,-4.748292109541464e-18,0.5,0.5,0.0,0.0,0.11329337094499292,0.16184767277856132,zero
0.75,0.5,8.542000000000002,0.16219854834933273,0.0,0.1,0.0,-0.0,0.5,0.5,0.0,0.0,0.11353898384453291,0.16219854834933273,zero
0.75,0.5,8.576,0.16254664179104478,0.0,0.1,0.0,-0.0,0.5,0.5,0.0,0.0,0.11378264925373134,0.16254664179104478,zero
0.75,0.5,8.61,0.16289198606271776,0.0,0.1,0.0,-0.0,0.5,0.5,0.0,0.0,0.11402439024390243,0.16289198606271776,zero
0.75,0.5,8.644,0.1632346136048126,0.0,0.1,0.0,-0.0,0.5,0.5,0.0,0.0,0.11426422952336882,0.1632346136048126,zero
0.75,0.5,8.678,0.16357455634938928,0.0,0.1,-2.375900818154203e-17,2.3759008181542032e-18,0.5,0.5,0.0,0.0,0.1145021894445725,0.16357455634938928,zero
0.75,0.5,8.712,0.16391184573002754,0.0,0.1,2.3762438557720037e-17,-2.376243855772004e-18,0.5,0.5,0.0,0.0,0.11473829201101929,0.16391184573002754,zero
0.75,0.5,8.746,0.16424651269151613,0.0,0.1,-2.3765843241969844e-17,2.3765843241969847e-18,0.5,0.5,0.0,0.0,0.11497255888406128,0.16424651269151613,zero
0.75,0.5,8.780000000000001,0.16457858769931666,0.0,0.1,-2.3769222521845583e-17,2.3769222521845584e-18,0.5,0.5,0.0,0.0,0.11520501138952166,0.16457858769931666,zero
0.75,0.5,8.814,0.1649081007488087,0.0,0.1,0.0,-0.0,0.5,0.5,0.0,0.0,0.1154356705241661,0.1649081007488087,zero
0.75,0.5,8.848,0.16523508137432188,0.0,0.1,0.0,-0.0,0.5,0.5,0.0,0.0,0.11566455696202531,0.16523508137432188,zero
0.75,0.5,8.882000000000001,0.16555955865795993,0.0,0.1,0.0,-0.0,0.5,0.5,0.0,0.0,0.11589169106057196,0.16555955865795993,zero
0.75,0.5,8.916,0.16588156123822342,0.0,0.1,0.0,-0.0,0.5,0.5,0.0,0.0,0.1161170928667564,0.16588156123822342,zero
0.75,0.5,8.95,0.16620111731843573,0.0,0.1,2.3785747625123045e-17,-2.378574762512305e-18,0.5,0.5,0.0,0.0,0.11634078212290502,0.16620111731843573,zero
0.75,0.5,8.984,0.16651825467497774,0.0,0.1,-2.3788980283420167e-17,2.378898028342017e-18,0.5,0.5,0.0,0.0,0.11656277827248443,0.16651825467497774,zero
0.75,0.5,9.018,0.16683300066533602,0.0,0.1,-2.3792189434827264e-17,2.3792189434827264e-18,0.5,0.5,0.0,0.0,0.11678310046573522,0.16683300066533602,zero
0.75,0.5,9.052,0.16714538223596995,0.0,0.1,0.0,-0.0,0.5,0.5,0.0,0.0,0.11700176756517897,0.16714538223596995,zero
0.75,0.5,9.086,0.1674554259300022,0.0,0.1,0.0,-0.0,0.5,0.5,0.0,0.0,0.11721879815100153,0.1674554259300022,zero
0.75,0.5,9.120000000000001,0.16776315789473684,0.0,0.1,2.3801678384065415e-17,-2.3801678384065418e-18,0.5,0.5,0.0,0.0,0.1174342105263158,0.16776315789473684,zero
0.75,0.5,9.154,0.16806860388901027,0.0,0.1,0.0,-0.0,0.5,0.5,0.0,0.0,0.11764802272230719,0.16806860388901027,zero
0.75,0.5,9.188,0.16837178929037877,0.0,0.1,-2.3807891402361806e-17,2.3807891402361807e-18,0.5,0.5,0.0,0.0,0.11786025250326512,0.16837178929037877,zero
0.75,0.5,9.222000000000001,0.16867273910214706,0.0,0.1,0.0,-0.0,0.5,0.5,0.0,0.0,0.11807091737150295,0.16867273910214706,zero
0.75,0.5,9.256,0.168971477960242,0.0,0.1,0.0,-0.0,0.5,0.5,0.0,0.0,0.1182800345721694,0.168971477960242,zero
0.75,0.5,9.29,0.1692680301399354,0.0,0.1,0.0,-0.0,0.5,0.5,0.0,0.0,0.11848762109795478,0.1692680301399354,zero
0.75,0.5,9.324000000000002,0.16956241956241958,0.0,0.1,0.0,-0.0,0.5,0.5,0.0,0.0,0.11869369369369372,0.16956241956241958,zero
0.75,0.5,9.358,0.1698546698012396,0.0,0.1,0.0,-0.0,0.5,0.5,0.0,0.0,0.11889826886086771,0.1698546698012396,zero
0.75,0.5,9.392,0.170144804088586,0.0,0.1,2.382600915656583e-17,-2.382600915656583e-18,0.5,0.5,0.0,0.0,0.1191013628620102,0.170144804088586,zero
0.75,0.5,9.426,0.1704328453214513,0.0,0.1,0.0,-0.0,0.5,0.5,0.0,0.0,0.1193029917250159,0.1704328453214513,zero
0.75,0.5,9.46,0.17071881606765327,0.0,0.1,2.3831880673823422e-17,-2.3831880673823425e-18,0.5,0.5,0.0,0.0,0.11950317124735728,0.17071881606765327,zero
0.75,0.5,9.494,0.1710027385717295,0.0,0.1,0.0,-0.0,0.5,0.5,0.0,0.0,0.11970191700021067,0.1710027385717295,zero
0.75,0.5,9.528,0.1712846347607053,0.0,0.1,0.0,-0.0,0.5,0.5,0.0,0.0,0.1198992443324937,0.1712846347607053,zero
0.75,0.5,9.562000000000001,0.17156452624973856,0.0,0.1,0.0,-0.0,0.5,0.5,0.0,0.0,0.120095168374817,0.17156452624973856,zero
0.75,0.5,9.596,0.17184243434764485,0.0,0.1,2.38433824455105e-17,-2.3843382445510503e-18,0.5,0.5,0.0,0.0,0.1202897040433514,0.17184243434764485,zero
0.75,0.5,9.63,0.1721183800623053,0.0,0.1,2.3846208826007044e-17,-2.3846208826007045e-18,0.5,0.5,0.0,0.0,0.12048286604361369,0.1721183800623053,zero
0.75,0.5,9.664000000000001,0.17239238410596028,0.0,0.1,0.0,-0.0,0.5,0.5,0.0,0.0,0.12067466887417219,0.17239238410596028,zero
0.75,0.5,9.698,0.17266446690039183,0.0,0.1,0.0,-0.0,0.5,0.5,0.0,0.0,0.12086512683027428,0.17266446690039183,zero
0.75,0.5,9.732,0.17293464858199753,0.0,0.1,0.0,-0.0,0.5,0.5,0.0,0.0,0.12105425400739826,0.17293464858199753,zero
0.75,0.5,9.766000000000002,0.17320294900675814,0.0,0.1,2.3857324044467797e-17,-2.38573240444678e-18,0.5,0.5,0.0,0.0,0.1212420643047307,0.17320294900675814,zero
0.75,0.5,9.8,0.17346938775510207,0.0,0.1,-4.7720112461958483e-17,4.7720112461958485e-18,0.5,0.5,0.0,0.0,0.12142857142857144,0.17346938775510207,zero
0.75,0.5,9.834,0.17373398413666868,0.0,0.1,2.3862770144392254e-17,-2.3862770144392255e-18,0.5,0.5,0.0,0.0,0.12161378889566807,0.17373398413666868,zero
0.75,0.5,9.868,0.17399675719497365,0.0,0.1,0.0,-0.0,0.5,0.5,0.0,0.0,0.12179773003648156,0.17399675719497365,zero
0.75,0.5,9.902000000000001,0.1742577257119774,0.0,0.1,-2.3868143880323718e-17,2.386814388032372e-18,0.5,0.5,0.0,0.0,0.12198040799838417,0.1742577257119774,zero
0.75,0.5,9.936,0.17451690821256038,0.0,0.1,0.0,-0.0,0.5,0.5,0.0,0.0,0.12216183574879227,0.17451690821256038,zero
0.75,0.5,9.97,0.17477432296890671,0.0,0.1,2.3873446685027092e-17,-2.3873446685027095e-18,0.5,0.5,0.0,0.0,0.1223420260782347,0.17477432296890671,zero
0.75,0.5,10.004000000000001,0.17502998800479808,0.0,0.1,2.3876071925598837e-17,-2.387607192559884e-18,0.5,0.5,0.0,0.0,0.12252099160335865,0.17502998800479808,zero
0.75,0.5,10.038,0.1752839210998207,0.0,0.1,0.0,-0.0,0.5,0.5,0.0,0.0,0.12269874476987448,0.1752839210998207,zero
0.75,0.5,10.072000000000001,0.1755361397934869,0.0,0.1,2.3881270938033013e-17,-2.3881270938033015e-18,0.5,0.5,0.0,0.0,0.12287529785544082,0.1755361397934869,zero
0.75,0.5,10.106000000000002,0.1757866613892737,0.0,0.1,0.0,-0.0,0.5,0.5,0.0,0.0,0.12305066297249159,0.1757866613892737,zero
0.75,0.5,10.14,0.1760355029585799,0.0,0.1,-2.3886402439420936e-17,2.3886402439420938e-18,0.5,0.5,0.0,0.0,0.12322485207100593,0.1760355029585799,zero
0.75,0.5,10.174,0.1762826813446039,0.0,0.1,-2.388894328307498e-17,2.388894328307498e-18,0.5,0.5,0.0,0.0,0.12339787694122273,0.1762826813446039,zero
0.75,0.5,10.208,0.1765282131661442,0.0,0.1,0.0,-0.0,0.5,0.5,0.0,0.0,0.12356974921630096,0.1765282131661442,zero
0.75,0.5,10.242,0.17677211482132396,0.0,0.1,0.0,-0.0,0.5,0.5,0.0,0.0,0.12374048037492677,0.17677211482132396,zero
0.75,0.5,10.276,0.17701440249124173,0.0,0.1,0.0,-0.0,0.5,0.5,0.0,0.0,0.12391008174386922,0.17701440249124173,zero
0.75,0.5,10.31,0.17725509214354995,0.0,0.1,0.0,-0.0,0.5,0.5,0.0,0.0,0.12407856450048498,0.17725509214354995,zero
0.75,0.5,10.344000000000001,0.1774941995359629,0.0,0.1,-4.7802809551792457e-17,4.780280955179246e-18,0.5,0.5,0.0,0.0,0.12424593967517403,0.1774941995359629,zero
0.75,0.5,10.378,0.1777317402196955,0.0,0.1,0.0,-0.0,0.5,0.5,0.0,0.0,0.12441221815378686,0.1777317402196955,zero
0.75,0.5,10.412,0.17796772954283518,0.0,0.1,2.3906278968435145e-17,-2.390627896843515e-18,0.5,0.5,0.0,0.0,0.12457741067998462,0.17796772954283518,zero
0.75,0.5,10.446000000000002,0.17820218265364735,0.0,0.1,-2.3908693003554923e-17,2.3908693003554923e-18,0.5,0.5,0.0,0.0,0.12474152785755314,0.17820218265364735,zero
0.75,0.5,10.48,0.1784351145038168,0.0,0.1,0.0,-0.0,0.5,0.5,0.0,0.0,0.12490458015267177,0.1784351145038168,zero
0.75,0.5,10.514,0.1786665398516264,0.0,0.1,0.0,-0.0,0.5,0.5,0.0,0.0,0.12506657789613848,0.1786665398516264,zero
0.75,0.5,10.548000000000002,0.17889647326507396,0.0,0.1,0.0,-0.0,0.5,0.5,0.0,0.0,0.12522753128555178,0.17889647326507396,zero
0.75,0.5,10.582,0.1791249291249291,0.0,0.1,4.7836397510468067e-17,-4.783639751046807e-18,0.5,0.5,0.0,0.0,0.1253874503874504,0.1791249291249291,zero
0.75,0.5,10.616,0.17935192162773173,0.0,0.1,0.0,-0.0,0.5,0.5,0.0,0.0,0.1255463451394122,0.17935192162773173,zero
0.75,0.5,10.65,0.17957746478873238,0.0,0.1,4.7845726706152424e-17,-4.784572670615243e-18,0.5,0.5,0.0,0.0,0.12570422535211265,0.17957746478873238,zero
0.75,0.5,10.684000000000001,0.17980157244477724,0.0,0.1,2.3925174059250418e-17,-2.392517405925042e-18,0.5,0.5,0.0,0.0,0.12586110071134407,0.17980157244477724,zero
0.75,0.5,10.718,0.18002425825713753,0.0,0.1,0.0,-0.0,0.5,0.5,0.0,0.0,0.1260169807799963,0.18002425825713753,zero
0.75,0.5,10.752,0.1802455357142857,0.0,0.1,4.785950589675921e-17,-4.785950589675921e-18,0.5,0.5,0.0,0.0,0.126171875,0.1802455357142857,zero
0.75,0.5,10.786000000000001,0.18046541813461897,0.0,0.1,-2.3932021391384256e-17,2.393202139138426e-18,0.5,0.5,0.0,0.0,0.12632579269423327,0.18046541813461897,zero
0.75,0.5,10.82,0.18068391866913125,0.0,0.1,-2.393427600407291e-17,2.393427600407291e-18,0.5,0.5,0.0,0.0,0.12647874306839188,0.18068391866913125,zero
0.75,0.5,10.854000000000001,0.1809010503040354,0.0,0.1,0.0,-0.0,0.5,0.5,0.0,0.0,0.12663073521282478,0.1809010503040354,zero
0.75,0.5,10.888000000000002,0.18111682586333577,0.0,0.1,4.7877488482726176e-17,-4.787748848272618e-18,0.5,0.5,0.0,0.0,0.12678177810433505,0.18111682586333577,zero
0.75,0.5,10.922,0.18133125801135325,0.0,0.1,-2.3940958113597426e-17,2.394095811359743e-18,0.5,0.5,0.0,0.0,0.12693188060794727,0.18133125801135325,zero
0.75,0.5,10.956,0.18154435925520263,0.0,0.1,0.0,-0.0,0.5,0.5,0.0,0.0,0.12708105147864185,0.18154435925520263,zero
0.75,0.5,10.99,0.18175614194722475,0.0,0.1,0.0,-0.0,0.5,0.5,0.0,0.0,0.12722929936305732,0.18175614194722475,zero
0.75,0.5,11.024000000000001,0.181966618287373,0.0,0.1,0.0,-0.0,0.5,0.5,0.0,0.0,0.12737663280116113,0.181966618287373,zero
0.75,0.5,11.058,0.18217580032555616,0.0,0.1,-2.3949681446528512e-17,2.3949681446528512e-18,0.5,0.5,0.0,0.0,0.1275230602278893,0.18217580032555616,zero
0.75,0.5,11.092,0.182383699963938,0.0,0.1,-4.790365966134608e-17,4.790365966134608e-18,0.5,0.5,0.0,0.0,0.12766858997475658,0.182383699963938,zero
0.75,0.5,11.126000000000001,0.1825903289591947,0.0,0.1,-2.395396546624681e-17,2.395396546624681e-18,0.5,0.5,0.0,0.0,0.12781323027143626,0.1825903289591947,zero
0.75,0.5,11.16,0.1827956989247312,0.0,0.1,0.0,-0.0,0.5,0.5,0.0,0.0,0.12795698924731183,0.1827956989247312,zero
0.75,0.5,11.194,0.1829998213328569,0.0,0.1,0.0,-0.0,0.5,0.5,0.0,0.0,0.12809987493299982,0.1829998213328569,zero
0.75,0.5,11.228,0.18320270751692197,0.0,0.1,2.3960297006287736e-17,-2.396029700628774e-18,0.5,0.5,0.0,0.0,0.12824189526184537,0.18320270751692197,zero
0.75,0.5,11.262,0.18340436867341503,0.0,0.1,0.0,-0.0,0.5,0.5,0.0,0.0,0.12838305807139053,0.18340436867341503,zero
0.75,0.5,11.296000000000001,0.18360481586402266,0.0,0.1,2.3964456329140425e-17,-2.3964456329140426e-18,0.5,0.5,0.0,0.0,0.12852337110481588,0.18360481586402266,zero
0.75,0.5,11.33,0.18380406001765226,0.0,0.1,-2.3966517803187626e-17,2.396651780318763e-18,0.5,0.5,0.0,0.0,0.1286628420123566,0.18380406001765226,zero
0.75,0.5,11.364,0.18400211193241817,0.0,0.1,0.0,-0.0,0.5,0.5,0.0,0.0,0.1288014783526927,0.18400211193241817,zero
0.75,0.5,11.398000000000001,0.18419898227759257,0.0,0.1,0.0,-0.0,0.5,0.5,0.0,0.0,0.1289392875943148,0.18419898227759257,zero
0.75,0.5,11.432,0.18439468159552136,0.0,0.1,-2.3972630737221952e-17,2.3972630737221954e-18,0.5,0.5,0.0,0.0,0.12907627711686495,0.18439468159552136,zero
0.75,0.5,11.466000000000001,0.18458922030350602,0.0,0.1,0.0,-0.0,0.5,0.5,0.0,0.0,0.12921245421245423,0.18458922030350602,zero
0.75,0.5,11.5,0.18478260869565216,0.0,0.1,2.39766474801677e-17,-2.3976647480167704e-18,0.5,0.5,0.0,0.0,0.12934782608695652,0.18478260869565216,zero
0.75,0.5,11.534,0.1849748569446853,0.0,0.1,-2.3978638589642074e-17,2.3978638589642076e-18,0.5,0.5,0.0,0.0,0.12948239986127968,0.1849748569446853,zero
0.75,0.5,11.568000000000001,0.18516597510373445,0.0,0.1,0.0,-0.0,0.5,0.5,0.0,0.0,0.12961618257261412,0.18516597510373445,zero
0.75,0.5,11.602,0.18535597310808483,0.0,0.1,-2.3982586776333697e-17,2.39825867763337e-18,0.5,0.5,0.0,0.0,0.1297491811756594,0.18535597310808483,zero
0.75,0.5,11.636000000000001,0.1855448607768993,0.0,0.1,-4.7969088093789024e-17,4.7969088093789025e-18,0.5,0.5,0.0,0.0,0.12988140254382952,0.1855448607768993,zero
0.75,0.5,11.67,0.18573264781491003,0.0,0.1,0.0,-0.0,0.5,0.5,0.0,0.0,0.13001285347043703,0.18573264781491003,zero
0.75,0.5,11.704,0.18591934381408065,0.0,0.1,2.398842541761341e-17,-2.398842541761341e-18,0.5,0.5,0.0,0.0,0.13014354066985645,0.18591934381408065,zero
0.75,0.5,11.738000000000001,0.1861049582552394,0.0,0.1,0.0,-0.0,0.5,0.5,0.0,0.0,0.13027347077866758,0.1861049582552394,zero
0.75,0.5,11.772,0.18628950050968401,0.0,0.1,-4.7984526364457694e-17,4.79845263644577e-18,0.5,0.5,0.0,0.0,0.1304026503567788,0.18628950050968401,zero
0.75,0.5,11.806000000000001,0.18647297984075895,0.0,0.1,0.0,-0.0,0.5,0.5,0.0,0.0,0.13053108588853127,0.18647297984075895,zero
0.75,0.5,11.84,0.1866554054054054,0.0,0.1,0.0,-0.0,0.5,0.5,0.0,0.0,0.13065878378378376,0.1866554054054054,zero
0.75,0.5,11.874,0.18683678625568467,0.0,0.1,4.7995879323536335e-17,-4.7995879323536335e-18,0.5,0.5,0.0,0.0,0.13078575037897927,0.18683678625568467,zero
0.75,0.5,11.908000000000001,0.18701713134027545,0.0,0.1,0.0,-0.0,0.5,0.5,0.0,0.0,0.1309119919381928,0.18701713134027545,zero
0.75,0.5,11.942,0.18719644950594538,0.0,0.1,4.800334314550814e-17,-4.800334314550814e-18,0.5,0.5,0.0,0.0,0.13103751465416175,0.18719644950594538,zero
0.75,0.5,11.976,0.18737474949899802,0.0,0.1,-4.800704413240495e-17,4.8007044132404956e-18,0.5,0.5,0.0,0.0,0.1311623246492986,0.18737474949899802,zero
0.75,0.5,12.01,0.18755203996669442,0.0,0.1,0.0,-0.0,0.5,0.5,0.0,0.0,0.1312864279766861,0.18755203996669442,zero
0.75,0.5,12.044,0.18772832945865162,0.0,0.1,0.0,-0.0,0.5,0.5,0.0,0.0,0.13140983062105613,0.18772832945865162,zero
0.75,0.5,12.078000000000001,0.1879036264282166,0.0,0.1,2.4009012714942684e-17,-2.4009012714942686e-18,0.5,0.5,0.0,0.0,0.1315325384997516,0.1879036264282166,zero
0.75,0.5,12.112,0.18807793923381771,0.0,0.1,-2.401082293096903e-17,2.401082293096903e-18,0.5,0.5,0.0,0.0,0.1316545574636724,0.18807793923381771,zero
0.75,0.5,12.146,0.1882512761402931,0.0,0.1,0.0,-0.0,0.5,0.5,0.0,0.0,0.1317758932982052,0.1882512761402931,zero
0.75,0.5,12.180000000000001,0.18842364532019706,0.0,0.1,-2.401441385177483e-17,2.401441385177483e-18,0.5,0.5,0.0,0.0,0.13189655172413794,0.18842364532019706,zero
0.75,0.5,12.214,0.18859505485508432,0.0,0.1,2.4016194716489847e-17,-2.4016194716489847e-18,0.5,0.5,0.0,0.0,0.13201653839855904,0.18859505485508432,zero
0.75,0.5,12.248000000000001,0.18876551273677336,0.0,0.1,-2.401796595592927e-17,2.4017965955929273e-18,0.5,0.5,0.0,0.0,0.13213585891574137,0.18876551273677336,zero
0.75,0.5,12.282,0.18893502686858818,0.0,0.1,0.0,-0.0,0.5,0.5,0.0,0.0,0.13225451880801173,0.18893502686858818,zero
0.75,0.5,12.316,0.18910360506658005,0.0,0.1,2.4021479869441393e-17,-2.4021479869441396e-18,0.5,0.5,0.0,0.0,0.13237252354660606,0.18910360506658005,zero
0.75,0.5,12.350000000000001,0.18927125506072875,0.0,0.1,0.0,-0.0,0.5,0.5,0.0,0.0,0.13248987854251013,0.18927125506072875,zero
0.75,0.5,12.384,0.18943798449612403,0.0,0.1,0.0,-0.0,0.5,0.5,0.0,0.0,0.13260658914728682,0.18943798449612403,zero
0.75,0.5,12.418000000000001,0.18960380093412788,0.0,0.1,2.4026680468787917e-17,-2.4026680468787917e-18,0.5,0.5,0.0,0.0,0.13272266065388952,0.18960380093412788,zero
0.75,0.5,12.452,0.1897687118535175,0.0,0.1,-2.4028395561984997e-17,2.4028395561985e-18,0.5,0.5,0.0,0.0,0.13283809829746226,0.1897687118535175,zero
0.75,0.5,12.486,0.18993272465160982,0.0,0.1,-2.4030101557490776e-17,2.403010155749078e-18,0.5,0.5,0.0,0.0,0.13295290725612688,0.18993272465160982,zero
0.75,0.5,12.520000000000001,0.1900958466453674,0.0,0.1,2.403179852750166e-17,-2.4031798527501663e-18,0.5,0.5,0.0,0.0,0.13306709265175717,0.1900958466453674,zero
0.75,0.5,12.554,0.19025808507248687,0.0,0.1,-2.4033486543452168e-17,2.403348654345217e-18,0.5,0.5,0.0,0.0,0.13318065955074082,0.19025808507248687,zero
0.75,0.5,12.588000000000001,0.19041944709246902,0.0,0.1,0.0,-0.0,0.5,0.5,0.0,0.0,0.13329361296472833,0.19041944709246902,zero
0.75,0.5,12.622,0.19057993978767232,0.0,0.1,0.0,-0.0,0.5,0.5,0.0,0.0,0.1334059578513706,0.19057993978767232,zero
0.75,0.5,12.656,0.19073957016434892,0.0,0.1,2.4038497570067714e-17,-2.4038497570067714e-18,0.5,0.5,0.0,0.0,0.13351769911504424,0.19073957016434892,zero
0.75,0.5,12.690000000000001,0.1908983451536643,0.0,0.1,2.40401504692317e-17,-2.40401504692317e-18,0.5,0.5,0.0,0.0,0.133628841607565,0.1908983451536643,zero
0.75,0.5,12.724,0.19105627161270042,0.0,0.1,-2.404179476042495e-17,2.4041794760424953e-18,0.5,0.5,0.0,0.0,0.1337393901288903,0.19105627161270042,zero
0.75,0.5,12.758000000000001,0.19121335632544287,0.0,0.1,-2.4043430510715736e-17,2.404343051071574e-18,0.5,0.5,0.0,0.0,0.13384934942781002,0.19121335632544287,zero
0.75,0.5,12.792000000000002,0.19136960600375236,0.0,0.1,-2.4045057786477386e-17,2.404505778647739e-18,0.5,0.5,0.0,0.0,0.13395872420262664,0.19136960600375236,zero
0.75,0.5,12.826,0.1915250272883206,0.0,0.1,0.0,-0.0,0.5,0.5,0.0,0.0,0.1340675191018244,0.1915250272883206,zero
0.75,0.5,12.860000000000001,0.1916796267496112,0.0,0.1,2.404828717648562e-17,-2.4048287176485623e-18,0.5,0.5,0.0,0.0,0.13417573872472782,0.1916796267496112,zero
0.75,0.5,12.894,0.19183341088878547,0.0,0.1,2.4049889420084284e-17,-2.4049889420084285e-18,0.5,0.5,0.0,0.0,0.1342833876221498,0.19183341088878547,zero
0.75,0.5,12.928,0.19198638613861385,0.0,0.1,4.8102966895750466e-17,-4.810296689575047e-18,0.5,0.5,0.0,0.0,0.1343904702970297,0.19198638613861385,zero
0.75,0.5,12.962000000000002,0.19213855886437278,0.0,0.1,2.4053069322889035e-17,-2.4053069322889037e-18,0.5,0.5,0.0,0.0,0.13449699120506095,0.19213855886437278,zero
0.75,0.5,12.996,0.1922899353647276,0.0,0.1,2.4054647107513146e-17,-2.405464710751315e-18,0.5,0.5,0.0,0.0,0.1346029547553093,0.1922899353647276,zero
0.75,0.5,13.030000000000001,0.1924405218726017,0.0,0.1,2.4056216863500106e-17,-2.405621686350011e-18,0.5,0.5,0.0,0.0,0.13470836531082117,0.1924405218726017,zero
0.75,0.5,13.064,0.19259032455603184,0.0,0.1,2.405777865197559e-17,-2.4057778651975595e-18,0.5,0.5,0.0,0.0,0.13481322718922228,0.19259032455603184,zero
0.75,0.5,13.098,0.19273934951901053,0.0,0.1,2.4059332533446337e-17,-2.405933253344634e-18,0.5,0.5,0.0,0.0,0.13491754466330735,0.19273934951901053,zero
0.75,0.5,13.132000000000001,0.19288760280231496,0.0,0.1,2.406087856780796e-17,-2.406087856780796e-18,0.5,0.5,0.0,0.0,0.13502132196162048,0.19288760280231496,zero
0.75,0.5,13.166,0.19303509038432326,0.0,0.1,0.0,-0.0,0.5,0.5,0.0,0.0,0.13512456326902628,0.19303509038432326,zero
0.75,0.5,13.200000000000001,0.19318181818181818,0.0,0.1,2.4063947331776793e-17,-2.4063947331776795e-18,0.5,0.5,0.0,0.0,0.13522727272727272,0.19318181818181818,zero
0.75,0.5,13.234,0.1933277920507783,0.0,0.1,0.0,-0.0,0.5,0.5,0.0,0.0,0.1353294544355448,0.1933277920507783,zero
0.75,0.5,13.268,0.1934730177871571,0.0,0.1,-4.8133970822228463e-17,4.813397082222847e-18,0.5,0.5,0.0,0.0,0.13543111245100997,0.1934730177871571,zero
0.75,0.5,13.302000000000001,0.19361750112764997,0.0,0.1,2.4068493087507674e-17,-2.4068493087507676e-18,0.5,0.5,0.0,0.0,0.135532250789355,0.19361750112764997,zero
0.75,0.5,13.336,0.1937612477504499,0.0,0.1,4.813998652751036e-17,-4.813998652751036e-18,0.5,0.5,0.0,0.0,0.13563287342531494,0.1937612477504499,zero
0.75,0.5,13.370000000000001,0.19390426327599103,0.0,0.1,0.0,-0.0,0.5,0.5,0.0,0.0,0.13573298429319372,0.19390426327599103,zero
0.75,0.5,13.404,0.19404655326768128,0.0,0.1,2.4072971338567405e-17,-2.4072971338567405e-18,0.5,0.5,0.0,0.0,0.1358325872873769,0.19404655326768128,zero
0.75,0.5,13.438,0.1941881232326239,0.0,0.1,-2.407444934713471e-17,2.4074449347134713e-18,0.5,0.5,0.0,0.0,0.13593168626283675,0.1941881232326239,zero
0.75,0.5,13.472000000000001,0.19432897862232779,0.0,0.1,2.407592007557483e-17,-2.4075920075574834e-18,0.5,0.5,0.0,0.0,0.13603028503562947,0.19432897862232779,zero
0.75,0.5,13.506,0.1944691248334074,0.0,0.1,-4.8154767155088924e-17,4.8154767155088924e-18,0.5,0.5,0.0,0.0,0.13612838738338517,0.1944691248334074,zero
0.75,0.5,13.540000000000001,0.1946085672082718,0.0,0.1,-2.4078839906174308e-17,2.407883990617431e-18,0.5,0.5,0.0,0.0,0.13622599704579025,0.1946085672082718,zero
0.75,0.5,13.574000000000002,0.19474731103580376,0.0,0.1,-2.408028911407551e-17,2.408028911407551e-18,0.5,0.5,0.0,0.0,0.13632311772506261,0.19474731103580376,zero
0.75,0.5,13.608,0.19488536155202824,0.0,0.1,-4.816346250669195e-17,4.816346250669196e-18,0.5,0.5,0.0,0.0,0.13641975308641976,0.19488536155202824,zero
0.75,0.5,13.642000000000001,0.19502272394077114,0.0,0.1,4.8166332751153254e-17,-4.816633275115326e-18,0.5,0.5,0.0,0.0,0.1365159067585398,0.19502272394077114,zero
0.75,0.5,13.676,0.19515940333430828,0.0,0.1,-2.4084594531857558e-17,2.408459453185756e-18,0.5,0.5,0.0,0.0,0.1366115823340158,0.19515940333430828,zero
0.75,0.5,13.71,0.19529540481400437,0.0,0.1,2.4086015772784074e-17,-2.4086015772784075e-18,0.5,0.5,0.0,0.0,0.13670678336980308,0.19529540481400437,zero
0.75,0.5,13.744000000000002,0.19543073341094297,0.0,0.1,-2.4087430148462702e-17,2.4087430148462705e-18,0.5,0.5,0.0,0.0,0.13680151338766006,0.19543073341094297,zero
0.75,0.5,13.778,0.19556539410654666,0.0,0.1,2.4088837708517043e-17,-2.4088837708517043e-18,0.5,0.5,0.0,0.0,0.13689577587458265,0.19556539410654666,zero
0.75,0.5,13.812000000000001,0.19569939183318855,0.0,0.1,-2.4090238502093602e-17,2.40902385020936e-18,0.5,0.5,0.0,0.0,0.13698957428323197,0.19569939183318855,zero
0.75,0.5,13.846,0.19583273147479416,0.0,0.1,2.4091632577867504e-17,-2.4091632577867506e-18,0.5,0.5,0.0,0.0,0.13708291203235592,0.19583273147479416,zero
0.75,0.5,13.88,0.19596541786743515,0.0,0.1,2.409301998404811e-17,-2.4093019984048113e-18,0.5,0.5,0.0,0.0,0.13717579250720463,0.19596541786743515,zero
0.75,0.5,13.914000000000001,0.19609745579991378,0.0,0.1,-4.818880153676923e-17,4.818880153676923e-18,0.5,0.5,0.0,0.0,0.13726821905993963,0.19609745579991378,zero
0.75,0.5,13.948,0.19622885001433898,0.0,0.1,-2.409577497817148e-17,2.4095774978171484e-18,0.5,0.5,0.0,0.0,0.1373601950100373,0.19622885001433898,zero
0.75,0.5,13.982000000000001,0.19635960520669432,0.0,0.1,2.4097142660253866e-17,-2.409714266025387e-18,0.5,0.5,0.0,0.0,0.13745172364468602,0.19635960520669432,zero
0.75,0.5,14.016,0.19648972602739725,0.0,0.1,2.4098503861032944e-17,-2.4098503861032946e-18,0.5,0.5,0.0,0.0,0.13754280821917808,0.19648972602739725,zero
0.75,0.5,14.05,0.19661921708185054,0.0,0.1,0.0,-0.0,0.5,0.5,0.0,0.0,0.13763345195729537,0.19661921708185054,zero
0.75,0.5,14.084000000000001,0.19674808293098553,0.0,0.1,-2.410120700209733e-17,2.410120700209733e-18,0.5,0.5,0.0,0.0,0.13772365805168987,0.19674808293098553,zero
0.75,0.5,14.118,0.1968763280917977,0.0,0.1,2.4102549033011886e-17,-2.410254903301189e-18,0.5,0.5,0.0,0.0,0.13781342966425839,0.1968763280917977,zero
0.75,0.5,14.152000000000001,0.19700395703787452,0.0,0.1,-2.4103884763891774e-17,2.4103884763891775e-18,0.5,0.5,0.0,0.0,0.13790276992651215,0.19700395703787452,zero
0.75,0.5,14.186,0.1971309741999154,0.0,0.1,2.4105214238995472e-17,-2.4105214238995475e-18,0.5,0.5,0.0,0.0,0.13799168193994077,0.1971309741999154,zero
0.75,0.5,14.22,0.19725738396624473,0.0,0.1,0.0,-0.0,0.5,0.5,0.0,0.0,0.1380801687763713,0.19725738396624473,zero
0.75,0.5,14.254000000000001,0.19738319068331697,0.0,0.1,0.0,-0.0,0.5,0.5,0.0,0.0,0.13816823347832188,0.19738319068331697,zero
0.75,0.5,14.288,0.197508398656215,0.0,0.1,2.4109165566059085e-17,-2.4109165566059088e-18,0.5,0.5,0.0,0.0,0.1382558790593505,0.197508398656215,zero
0.75,0.5,14.322000000000001,0.1976330121491412,0.0,0.1,-2.4110470452442782e-17,2.411047045244278e-18,0.5,0.5,0.0,0.0,0.13834310850439885,0.1976330121491412,zero
0.75,0.5,14.356000000000002,0.19775703538590136,0.0,0.1,2.4111769298234165e-17,-2.4111769298234165e-18,0.5,0.5,0.0,0.0,0.13842992477013097,0.19775703538590136,zero
0.75,0.5,14.39,0.1978804725503822,0.0,0.1,0.0,-0.0,0.5,0.5,0.0,0.0,0.13851633078526754,0.1978804725503822,zero
0.75,0.5,14.424000000000001,0.19800332778702162,0.0,0.1,4.822869807009173e-17,-4.822869807009173e-18,0.5,0.5,0.0,0.0,0.13860232945091513,0.19800332778702162,zero
0.75,0.5,14.458,0.19812560520127265,0.0,0.1,2.4115630008609417e-17,-2.411563000860942e-18,0.5,0.5,0.0,0.0,0.13868792364089083,0.19812560520127265,zero
0.75,0.5,14.492,0.19824730886006073,0.0,0.1,0.0,-0.0,0.5,0.5,0.0,0.0,0.13877311620204252,0.19824730886006073,zero
0.75,0.5,14.526000000000002,0.19836844279223462,0.0,0.1,0.0,-0.0,0.5,0.5,0.0,0.0,0.13885790995456423,0.19836844279223462,zero
0.75,0.5,14.56,0.198489010989011,0.0,0.1,-4.8238875674551713e-17,4.823887567455172e-18,0.5,0.5,0.0,0.0,0.1389423076923077,0.198489010989011,zero
0.75,0.5,14.594000000000001,0.19860901740441278,0.0,0.1,0.0,-0.0,0.5,0.5,0.0,0.0,0.13902631218308895,0.19860901740441278,zero
0.75,0.5,14.628,0.1987284659557014,0.0,0.1,-2.4121947545104107e-17,2.412194754510411e-18,0.5,0.5,0.0,0.0,0.13910992616899098,0.1987284659557014,zero
0.75,0.5,14.662,0.19884736052380303,0.0,0.1,0.0,-0.0,0.5,0.5,0.0,0.0,0.13919315236666213,0.19884736052380303,zero
0.75,0.5,14.696000000000002,0.1989657049537289,0.0,0.1,4.8248869085318494e-17,-4.82488690853185e-18,0.5,0.5,0.0,0.0,0.13927599346761022,0.1989657049537289,zero
0.75,0.5,14.73,0.1990835030549898,0.0,0.1,2.4125669621197246e-17,-2.412566962119725e-18,0.5,0.5,0.0,0.0,0.13935845213849288,0.1990835030549898,zero
0.75,0.5,14.764000000000001,0.19920075860200487,0.0,0.1,4.8253798273619504e-17,-4.8253798273619504e-18,0.5,0.5,0.0,0.0,0.1394405310214034,0.19920075860200487,zero
0.75,0.5,14.798,0.19931747533450467,0.0,0.1,-2.4128123126996326e-17,2.412812312699633e-18,0.5,0.5,0.0,0.0,0.13952223273415326,0.19931747533450467,zero
0.75,0.5,14.832,0.1994336569579288,0.0,0.1,0.0,-0.0,0.5,0.5,0.0,0.0,0.13960355987055015,0.1994336569579288,zero
0.75,0.5,14.866000000000001,0.1995493071438181,0.0,0.1,2.413055467941222e-17,-2.413055467941222e-18,0.5,0.5,0.0,0.0,0.13968451500067267,0.1995493071438181,zero
0.75,0.5,14.9,0.19966442953020136,0.0,0.1,-4.8263524629948456e-17,4.826352462994846e-18,0.5,0.5,0.0,0.0,0.13976510067114095,0.19966442953020136,zero
0.75,0.5,14.934000000000001,0.1997790277219767,0.0,0.1,0.0,-0.0,0.5,0.5,0.0,0.0,0.1398453194053837,0.1997790277219767,zero
0.75,0.5,14.968,0.19989310529128806,0.0,0.1,4.8268322971387655e-17,-4.826832297138766e-18,0.5,0.5,0.0,0.0,0.13992517370390165,0.19989310529128806,zero
0.75,0.5,15.002,0.20000666577789628,0.0,0.1,2.4135353092243905e-17,-2.4135353092243908e-18,0.5,0.5,0.0,0.0,0.14000466604452738,0.20000666577789628,zero
0.75,0.5,15.036000000000001,0.2001197126895451,0.0,0.1,0.0,-0.0,0.5,0.5,0.0,0.0,0.14008379888268158,0.2001197126895451,zero
0.75,0.5,15.07,0.2002322495023225,0.0,0.1,2.413772052384204e-17,-2.413772052384204e-18,0.5,0.5,0.0,0.0,0.14016257465162574,0.2002322495023225,zero
0.75,0.5,15.104000000000001,0.20034427966101695,0.0,0.1,0.0,-0.0,0.5,0.5,0.0,0.0,0.14024099576271187,0.20034427966101695,zero
0.75,0.5,15.138000000000002,0.20045580657946888,0.0,0.1,4.828013428929668e-17,-4.828013428929668e-18,0.5,0.5,0.0,0.0,0.1403190646056282,0.20045580657946888,zero
0.75,0.5,15.172,0.20056683364091749,0.0,0.1,-2.4141232736567882e-17,2.4141232736567883e-18,0.5,0.5,0.0,0.0,0.14039678354864224,0.20056683364091749,zero
0.75,0.5,15.206000000000001,0.20067736419834276,0.0,0.1,2.414239322786639e-17,-2.414239322786639e-18,0.5,0.5,0.0,0.0,0.1404741549388399,0.20067736419834276,zero
0.75,0.5,15.24,0.20078740157480315,0.0,0.1,0.0,-0.0,0.5,0.5,0.0,0.0,0.1405511811023622,0.20078740157480315,zero
0.75,0.5,15.274000000000001,0.20089694906376848,0.0,0.1,4.828939808387692e-17,-4.8289398083876925e-18,0.5,0.5,0.0,0.0,0.14062786434463795,0.20089694906376848,zero
0.75,0.5,15.308000000000002,0.20100600992944867,0.0,0.1,-2.414584443065652e-17,2.414584443065652e-18,0.5,0.5,0.0,0.0,0.14070420695061409,0.20100600992944867,zero
0.75,0.5,15.342,0.2011145874071177,0.0,0.1,2.414698485064879e-17,-2.4146984850648793e-18,0.5,0.5,0.0,0.0,0.1407802111849824,0.2011145874071177,zero
0.75,0.5,15.376000000000001,0.20122268470343393,0.0,0.1,-2.4148120334177002e-17,2.4148120334177002e-18,0.5,0.5,0.0,0.0,0.14085587929240376,0.20122268470343393,zero
0.75,0.5,15.41,0.20133030499675536,0.0,0.1,-2.414925091322417e-17,2.414925091322417e-18,0.5,0.5,0.0,0.0,0.14093121349772875,0.20133030499675536,zero
0.75,0.5,15.444,0.20143745143745145,0.0,0.1,-4.830075323899523e-17,4.830075323899523e-18,0.5,0.5,0.0,0.0,0.14100621600621602,0.20143745143745145,zero
0.75,0.5,15.478000000000002,0.20154412714821038,0.0,0.1,-2.4151497484431944e-17,2.4151497484431945e-18,0.5,0.5,0.0,0.0,0.14108088900374727,0.20154412714821038,zero
0.75,0.5,15.512,0.20165033522434245,0.0,0.1,0.0,-0.0,0.5,0.5,0.0,0.0,0.14115523465703972,0.20165033522434245,zero
0.75,0.5,15.546000000000001,0.20175607873407952,0.0,0.1,-4.830744962935103e-17,4.8307449629351035e-18,0.5,0.5,0.0,0.0,0.14122925511385567,0.20175607873407952,zero
0.75,0.5,15.58,0.20186136071887034,0.0,0.1,2.4154831341516463e-17,-2.4154831341516466e-18,0.5,0.5,0.0,0.0,0.14130295250320923,0.20186136071887034,zero
0.75,0.5,15.614,0.20196618419367235,0.0,0.1,0.0,-0.0,0.5,0.5,0.0,0.0,0.14137632893557064,0.20196618419367235,zero
0.75,0.5,15.648000000000001,0.20207055214723926,0.0,0.1,2.4157030270502317e-17,-2.4157030270502317e-18,0.5,0.5,0.0,0.0,0.1414493865030675,0.20207055214723926,zero
0.75,0.5,15.682,0.2021744675424053,0.0,0.1,-2.4158122732619717e-17,2.4158122732619717e-18,0.5,0.5,0.0,0.0,0.14152212727968372,0.2021744675424053,zero
0.75,0.5,15.716000000000001,0.20227793331636548,0.0,0.1,2.415921056604492e-17,-2.415921056604492e-18,0.5,0.5,0.0,0.0,0.14159455332145582,0.20227793331636548,zero
0.75,0.5,15.750000000000002,0.20238095238095238,0.0,0.1,0.0,-0.0,0.5,0.5,0.0,0.0,0.14166666666666666,0.20238095238095238,zero
0.75,0.5,15.784,0.20248352762290928,0.0,0.1,0.0,-0.0,0.5,0.5,0.0,0.0,0.14173846933603648,0.20248352762290928,zero
0.75,0.5,15.818000000000001,0.20258566190415983,0.0,0.1,-2.416244658648165e-17,2.416244658648165e-18,0.5,0.5,0.0,0.0,0.14180996333291188,0.20258566190415983,zero
0.75,0.5,15.852,0.2026873580620742,0.0,0.1,-2.4163516196224267e-17,2.416351619622427e-18,0.5,0.5,0.0,0.0,0.14188115064345191,0.2026873580620742,zero
0.75,0.5,15.886000000000001,0.20278861890973185,0.0,0.1,-2.416458132159869e-17,2.416458132159869e-18,0.5,0.5,0.0,0.0,0.1419520332368123,0.20278861890973185,zero
0.75,0.5,15.920000000000002,0.2028894472361809,0.0,0.1,0.0,-0.0,0.5,0.5,0.0,0.0,0.14202261306532665,0.2028894472361809,zero
0.75,0.5,15.954,0.20298984580669424,0.0,0.1,2.4166698231577022e-17,-2.4166698231577025e-18,0.5,0.5,0.0,0.0,0.14209289206468595,0.20298984580669424,zero
0.75,0.5,15.988000000000001,0.20308981736302228,0.0,0.1,-4.8335500143525855e-17,4.833550014352586e-18,0.5,0.5,0.0,0.0,0.1421628721541156,0.20308981736302228,zero
0.75,0.5,16.022,0.20318936462364248,0.0,0.1,2.4168797538749517e-17,-2.416879753874952e-18,0.5,0.5,0.0,0.0,0.14223255523654973,0.20318936462364248,zero
0.75,0.5,16.056,0.20328849028400597,0.0,0.1,2.4169840659753653e-17,-2.4169840659753653e-18,0.5,0.5,0.0,0.0,0.14230194319880418,0.20328849028400597,zero
0.75,0.5,16.090000000000003,0.20338719701678062,0.0,0.1,-2.4170879461766822e-17,2.4170879461766823e-18,0.5,0.5,0.0,0.0,0.14237103791174643,0.20338719701678062,zero
0.75,0.5,16.124000000000002,0.2034854874720913,0.0,0.1,-2.417191397155746e-17,2.4171913971557462e-18,0.5,0.5,0.0,0.0,0.1424398412304639,0.2034854874720913,zero
0.75,0.5,16.158,0.20358336427775714,0.0,0.1,4.8345888431346515e-17,-4.834588843134652e-18,0.5,0.5,0.0,0.0,0.14250835499443,0.20358336427775714,zero
0.75,0.5,16.192,0.2036808300395257,0.0,0.1,0.0,-0.0,0.5,0.5,0.0,0.0,0.142576581027668,0.2036808300395257,zero
0.75,0.5,16.226,0.2037778873413041,0.0,0.1,-2.4174992011980878e-17,2.417499201198088e-18,0.5,0.5,0.0,0.0,0.14264452113891285,0.2037778873413041,zero
0.75,0.5,16.26,0.20387453874538747,0.0,0.1,-2.417600961618461e-17,2.417600961618461e-18,0.5,0.5,0.0,0.0,0.14271217712177123,0.20387453874538747,zero
0.75,0.5,16.294,0.20397078679268443,0.0,0.1,-2.4177023058741698e-17,2.41770230587417e-18,0.5,0.5,0.0,0.0,0.1427795507548791,0.20397078679268443,zero
0.75,0.5,16.328000000000003,0.20406663400293973,0.0,0.1,4.835606473025917e-17,-4.835606473025917e-18,0.5,0.5,0.0,0.0,0.1428466438020578,0.20406663400293973,zero
0.75,0.5,16.362000000000002,0.20416208287495416,0.0,0.1,2.4179037560618152e-17,-2.4179037560618153e-18,0.5,0.5,0.0,0.0,0.1429134580124679,0.20416208287495416,zero
0.75,0.5,16.396,0.20425713588680167,0.0,0.1,-2.4180038670271864e-17,2.4180038670271866e-18,0.5,0.5,0.0,0.0,0.14297999512076115,0.20425713588680167,zero
0.75,0.5,16.43,0.20435179549604382,0.0,0.1,0.0,-0.0,0.5,0.5,0.0,0.0,0.14304625684723066,0.20435179549604382,zero
0.75,0.5,16.464,0.20444606413994168,0.0,0.1,2.4182028731317904e-17,-2.4182028731317905e-18,0.5,0.5,0.0,0.0,0.14311224489795918,0.20444606413994168,zero
0.75,0.5,16.498,0.20453994423566493,0.0,0.1,0.0,-0.0,0.5,0.5,0.0,0.0,0.14317796096496543,0.20453994423566493,zero
0.75,0.5,16.532000000000004,0.20463343818049845,0.0,0.1,-4.836800548950665e-17,4.836800548950665e-18,0.5,0.5,0.0,0.0,0.14324340672634892,0.20463343818049845,zero
0.75,0.5,16.566000000000003,0.20472654835204637,0.0,0.1,-2.418498379415407e-17,2.418498379415407e-18,0.5,0.5,0.0,0.0,0.14330858384643247,0.20472654835204637,zero
0.75,0.5,16.6,0.20481927710843373,0.0,0.1,4.8371921807815216e-17,-4.837192180781522e-18,0.5,0.5,0.0,0.0,0.14337349397590363,0.20481927710843373,zero
0.75,0.5,16.634,0.20491162678850547,0.0,0.1,0.0,-0.0,0.5,0.5,0.0,0.0,0.14343813875195383,0.20491162678850547,zero
0.75,0.5,16.668,0.20500359971202303,0.0,0.1,2.418790339901721e-17,-2.4187903399017214e-18,0.5,0.5,0.0,0.0,0.14350251979841613,0.20500359971202303,zero
0.75,0.5,16.702,0.20509519817985872,0.0,0.1,-4.837773766234719e-17,4.8377737662347196e-18,0.5,0.5,0.0,0.0,0.14356663872590109,0.20509519817985872,zero
0.75,0.5,16.736,0.2051864244741874,0.0,0.1,-2.4189830417287172e-17,2.418983041728717e-18,0.5,0.5,0.0,0.0,0.14363049713193116,0.2051864244741874,zero
0.75,0.5,16.770000000000003,0.20527728085867622,0.0,0.1,-2.419078818029478e-17,2.4190788180294783e-18,0.5,0.5,0.0,0.0,0.14369409660107335,0.20527728085867622,zero
0.75,0.5,16.804000000000002,0.20536776957867175,0.0,0.1,-2.419174214295123e-17,2.419174214295123e-18,0.5,0.5,0.0,0.0,0.14375743870507024,0.20536776957867175,zero
0.75,0.5,16.838,0.20545789286138497,0.0,0.1,0.0,-0.0,0.5,0.5,0.0,0.0,0.14382052500296946,0.20545789286138497,zero
0.75,0.5,16.872,0.20554765291607396,0.0,0.1,2.41936387573306e-17,-2.4193638757330603e-18,0.5,0.5,0.0,0.0,0.14388335704125177,0.20554765291607396,zero
0.75,0.5,16.906,0.20563705193422455,0.0,0.1,-4.8389162907338243e-17,4.838916290733825e-18,0.5,0.5,0.0,0.0,0.1439459363539572,0.20563705193422455,zero
0.75,0.5,16.94,0.20572609208972847,0.0,0.1,-7.258656131667369e-17,7.25865613166737e-18,0.5,0.5,0.0,0.0,0.14400826446280993,0.20572609208972847,zero
0.75,0.5,16.974,0.20581477553905975,0.0,0.1,-2.419645573486821e-17,2.419645573486821e-18,0.5,0.5,0.0,0.0,0.14407034287734183,0.20581477553905975,zero
0.75,0.5,17.008000000000003,0.20590310442144874,0.0,0.1,-2.4197387363299837e-17,2.4197387363299837e-18,0.5,0.5,0.0,0.0,0.1441321730950141,0.20590310442144874,zero
0.75,0.5,17.042,0.2059910808590541,0.0,0.1,2.4198315345716044e-17,-2.4198315345716047e-18,0.5,0.5,0.0,0.0,0.14419375660133787,0.2059910808590541,zero
0.75,0.5,17.076,0.20607870695713282,0.0,0.1,0.0,-0.0,0.5,0.5,0.0,0.0,0.14425509486999297,0.20607870695713282,zero
0.75,0.5,17.11,0.20616598480420806,0.0,0.1,2.4200160457782574e-17,-2.4200160457782575e-18,0.5,0.5,0.0,0.0,0.14431618936294563,0.20616598480420806,zero
0.75,0.5,17.144000000000002,0.2062529164722352,0.0,0.1,-4.840215525931666e-17,4.840215525931666e-18,0.5,0.5,0.0,0.0,0.14437704153056466,0.2062529164722352,zero
0.75,0.5,17.178,0.20633950401676562,0.0,0.1,2.4201991239972764e-17,-2.4201991239972764e-18,0.5,0.5,0.0,0.0,0.14443765281173593,0.20633950401676562,zero
0.75,0.5,17.212000000000003,0.206425749477109,0.0,0.1,-2.4202901309431054e-17,2.4202901309431056e-18,0.5,0.5,0.0,0.0,0.1444980246339763,0.206425749477109,zero
0.75,0.5,17.246000000000002,0.2065116548764931,0.0,0.1,7.261142357573459e-17,-7.261142357573458e-18,0.5,0.5,0.0,0.0,0.14455815841354516,0.2065116548764931,zero
0.75,0.5,17.28,0.2065972222222222,0.0,0.1,4.840942181560107e-17,-4.840942181560107e-18,0.5,0.5,0.0,0.0,0.14461805555555554,0.2065972222222222,zero
0.75,0.5,17.314,0.20668245350583342,0.0,0.1,4.841122095465468e-17,-4.841122095465469e-18,0.5,0.5,0.0,0.0,0.1446777174540834,0.20668245350583342,zero
0.75,0.5,17.348,0.20676735070325108,0.0,0.1,2.4206506587232253e-17,-2.4206506587232253e-18,0.5,0.5,0.0,0.0,0.14473714549227576,0.20676735070325108,zero
0.75,0.5,17.382,0.2068519157749396,0.0,0.1,-4.841479851486966e-17,4.8414798514869665e-18,0.5,0.5,0.0,0.0,0.14479634104245773,0.2068519157749396,zero
0.75,0.5,17.416,0.2069361506660542,0.0,0.1,2.420828850770198e-17,-2.420828850770198e-18,0.5,0.5,0.0,0.0,0.14485530546623795,0.2069361506660542,zero
0.75,0.5,17.450000000000003,0.20702005730659026,0.0,0.1,2.420917435764946e-17,-2.420917435764946e-18,0.5,0.5,0.0,0.0,0.14491404011461317,0.20702005730659026,zero
0.75,0.5,17.484,0.20710363761153056,0.0,0.1,-2.4210056826743294e-17,2.4210056826743297e-18,0.5,0.5,0.0,0.0,0.14497254632807138,0.20710363761153056,zero
0.75,0.5,17.518,0.20718689348099098,0.0,0.1,0.0,-0.0,0.5,0.5,0.0,0.0,0.14503082543669368,0.20718689348099098,zero
0.75,0.5,17.552,0.20726982680036463,0.0,0.1,2.4211811699493998e-17,-2.4211811699494e-18,0.5,0.5,0.0,0.0,0.14508887876025525,0.20726982680036463,zero
0.75,0.5,17.586,0.207352439440464,0.0,0.1,2.4212684141347027e-17,-2.421268414134703e-18,0.5,0.5,0.0,0.0,0.1451467076083248,0.207352439440464,zero
0.75,0.5,17.62,0.20743473325766176,0.0,0.1,-4.8427106557483e-17,4.8427106557483005e-18,0.5,0.5,0.0,0.0,0.14520431328036323,0.20743473325766176,zero
0.75,0.5,17.654000000000003,0.2075167100940297,0.0,0.1,-2.4214419130415866e-17,2.4214419130415867e-18,0.5,0.5,0.0,0.0,0.1452616970658208,0.2075167100940297,zero
0.75,0.5,17.688000000000002,0.20759837177747625,0.0,0.1,2.421528171496716e-17,-2.421528171496716e-18,0.5,0.5,0.0,0.0,0.14531886024423338,0.20759837177747625,zero
0.75,0.5,17.722,0.2076797201218824,0.0,0.1,2.4216141050852345e-17,-2.4216141050852347e-18,0.5,0.5,0.0,0.0,0.1453758040853177,0.2076797201218824,zero
0.75,0.5,17.756,0.20776075692723586,0.0,0.1,0.0,-0.0,0.5,0.5,0.0,0.0,0.1454325298490651,0.20776075692723586,zero
0.75,0.5,17.79,0.2078414839797639,0.0,0.1,2.4217850049759714e-17,-2.4217850049759714e-18,0.5,0.5,0.0,0.0,0.14548903878583472,0.2078414839797639,zero
0.75,0.5,17.824,0.20792190305206465,0.0,0.1,-4.8437399498014376e-17,4.8437399498014376e-18,0.5,0.5,0.0,0.0,0.14554533213644524,0.20792190305206465,zero
0.75,0.5,17.858,0.20800201590323664,0.0,0.1,2.4219546272041686e-17,-2.421954627204169e-18,0.5,0.5,0.0,0.0,0.14560141113226566,0.20800201590323664,zero
0.75,0.5,17.892000000000003,0.2080818242790074,0.0,0.1,-4.8440779273278475e-17,4.844077927327848e-18,0.5,0.5,0.0,0.0,0.14565727699530517,0.2080818242790074,zero
0.75,0.5,17.926000000000002,0.20816132991185987,0.0,0.1,0.0,-0.0,0.5,0.5,0.0,0.0,0.1457129309383019,0.20816132991185987,zero
0.75,0.5,17.96,0.20824053452115812,0.0,0.1,4.8444133921933454e-17,-4.8444133921933456e-18,0.5,0.5,0.0,0.0,0.14576837416481067,0.20824053452115812,zero
0.75,0.5,17.994,0.20831943981327108,0.0,0.1,2.4222900955591607e-17,-2.4222900955591608e-18,0.5,0.5,0.0,0.0,0.14582360786928977,0.20831943981327108,zero
0.75,0.5,18.028,0.20839804748169513,0.0,0.1,2.4223731861571805e-17,-2.4223731861571806e-18,0.5,0.5,0.0,0.0,0.14587863323718658,0.20839804748169513,zero
0.75,0.5,18.062,0.20847635920717528,0.0,0.1,4.8449119392067014e-17,-4.8449119392067015e-18,0.5,0.5,0.0,0.0,0.1459334514450227,0.20847635920717528,zero
0.75,0.5,18.096000000000004,0.20855437665782495,0.0,0.1,-2.42253844759765e-17,2.4225384475976503e-18,0.5,0.5,0.0,0.0,0.14598806366047748,0.20855437665782495,zero
0.75,0.5,18.130000000000003,0.20863210148924435,0.0,0.1,0.0,-0.0,0.5,0.5,0.0,0.0,0.14604247104247106,0.20863210148924435,zero
0.75,0.5,18.164,0.20870953534463776,0.0,0.1,-7.268107481904182e-17,7.268107481904183e-18,0.5,0.5,0.0,0.0,0.14609667474124644,0.20870953534463776,zero
0.75,0.5,18.198,0.2087866798549291,0.0,0.1,4.84556813136396e-17,-4.845568131363961e-18,0.5,0.5,0.0,0.0,0.14615067589845038,0.2087866798549291,zero
0.75,0.5,18.232,0.2088635366388767,0.0,0.1,2.4228653386198712e-17,-2.4228653386198715e-18,0.5,0.5,0.0,0.0,0.14620447564721367,0.2088635366388767,zero
0.75,0.5,18.266000000000002,0.20894010730318624,0.0,0.1,4.845892628840486e-17,-4.8458926288404866e-18,0.5,0.5,0.0,0.0,0.14625807511223038,0.20894010730318624,zero
0.75,0.5,18.3,0.20901639344262296,0.0,0.1,-2.423026994709644e-17,2.4230269947096442e-18,0.5,0.5,0.0,0.0,0.14631147540983608,0.20901639344262296,zero
0.75,0.5,18.334000000000003,0.2090923966401222,0.0,0.1,-2.4231073811027724e-17,2.4231073811027727e-18,0.5,0.5,0.0,0.0,0.14636467764808553,0.2090923966401222,zero
0.75,0.5,18.368000000000002,0.20916811846689895,0.0,0.1,4.84637495040517e-17,-4.8463749504051705e-18,0.5,0.5,0.0,0.0,0.14641768292682927,0.20916811846689895,zero
0.75,0.5,18.402,0.20924356048255624,0.0,0.1,2.423267278600402e-17,-2.4232672786004023e-18,0.5,0.5,0.0,0.0,0.14647049233778936,0.20924356048255624,zero
0.75,0.5,18.436,0.20931872423519202,0.0,0.1,0.0,-0.0,0.5,0.5,0.0,0.0,0.14652310696463441,0.20931872423519202,zero
0.75,0.5,18.47,0.20939361126150513,0.0,0.1,4.846852039195566e-17,-4.846852039195566e-18,0.5,0.5,0.0,0.0,0.14657552788305359,0.20939361126150513,zero
0.75,0.5,18.504,0.20946822308690013,0.0,0.1,0.0,-0.0,0.5,0.5,0.0,0.0,0.1466277561608301,0.20946822308690013,zero
0.75,0.5,18.538,0.20954256122559067,0.0,0.1,2.4235836165967373e-17,-2.4235836165967375e-18,0.5,0.5,0.0,0.0,0.14667979285791347,0.20954256122559067,zero
0.75,0.5,18.572000000000003,0.20961662718070215,0.0,0.1,-4.847323979908881e-17,4.847323979908882e-18,0.5,0.5,0.0,0.0,0.1467316390264915,0.20961662718070215,zero
0.75,0.5,18.606,0.2096904224443728,0.0,0.1,-7.27122024575862e-17,7.27122024575862e-18,0.5,0.5,0.0,0.0,0.14678329571106097,0.2096904224443728,zero
0.75,0.5,18.64,0.20976394849785407,0.0,0.1,4.847635788009585e-17,-4.847635788009585e-18,0.5,0.5,0.0,0.0,0.14683476394849784,0.20976394849785407,zero
0.75,0.5,18.674,0.20983720681160972,0.0,0.1,0.0,-0.0,0.5,0.5,0.0,0.0,0.1468860447681268,0.20983720681160972,zero
0.75,0.5,18.708000000000002,0.20991019884541373,0.0,0.1,0.0,-0.0,0.5,0.5,0.0,0.0,0.1469371391917896,0.20991019884541373,zero
0.75,0.5,18.742,0.20998292604844734,0.0,0.1,-2.4240496659472598e-17,2.42404966594726e-18,0.5,0.5,0.0,0.0,0.14698804823391315,0.20998292604844734,zero
0.75,0.5,18.776000000000003,0.21005538985939498,0.0,0.1,0.0,-0.0,0.5,0.5,0.0,0.0,0.14703877290157646,0.21005538985939498,zero
0.75,0.5,18.810000000000002,0.21012759170653908,0.0,0.1,0.0,-0.0,0.5,0.5,0.0,0.0,0.14708931419457735,0.21012759170653908,zero
0.75,0.5,18.844,0.21019953300785396,0.0,0.1,0.0,-0.0,0.5,0.5,0.0,0.0,0.14713967310549778,0.21019953300785396,zero
0.75,0.5,18.878,0.21027121517109865,0.0,0.1,-4.848709733577102e-17,4.848709733577103e-18,0.5,0.5,0.0,0.0,0.14718985061976905,0.21027121517109865,zero
0.75,0.5,18.912,0.21034263959390864,0.0,0.1,-7.273291479046335e-17,7.273291479046335e-18,0.5,0.5,0.0,0.0,0.14723984771573603,0.21034263959390864,zero
0.75,0.5,18.946,0.21041380766388684,0.0,0.1,-2.4245058525016098e-17,2.42450585250161e-18,0.5,0.5,0.0,0.0,0.1472896653647208,0.21041380766388684,zero
0.75,0.5,18.98,0.21048472075869337,0.0,0.1,-4.8491618933115797e-17,4.84916189331158e-18,0.5,0.5,0.0,0.0,0.14733930453108537,0.21048472075869337,zero
0.75,0.5,19.014000000000003,0.21055538024613443,0.0,0.1,0.0,-0.0,0.5,0.5,0.0,0.0,0.1473887661722941,0.21055538024613443,zero
0.75,0.5,19.048000000000002,0.21062578748425032,0.0,0.1,2.42473034455375e-17,-2.42473034455375e-18,0.5,0.5,0.0,0.0,0.14743805123897522,0.21062578748425032,zero
0.75,0.5,19.082,0.2106959438214024,0.0,0.1,-7.274413953197555e-17,7.274413953197555e-18,0.5,0.5,0.0,0.0,0.14748716067498166,0.2106959438214024,zero
0.75,0.5,19.116,0.21076585059635908,0.0,0.1,-2.4248786977827852e-17,2.4248786977827853e-18,0.5,0.5,0.0,0.0,0.14753609541745136,0.21076585059635908,zero
0.75,0.5,19.150000000000002,0.2108355091383812,0.0,0.1,2.4249524860646416e-17,-2.4249524860646418e-18,0.5,0.5,0.0,0.0,0.14758485639686686,0.2108355091383812,zero
0.75,0.5,19.184,0.2109049207673061,0.0,0.1,-4.850052034524071e-17,4.850052034524071e-18,0.5,0.5,0.0,0.0,0.14763344453711427,0.2109049207673061,zero
0.75,0.5,19.218,0.21097408679363097,0.0,0.1,0.0,-0.0,0.5,0.5,0.0,0.0,0.14768186075554168,0.21097408679363097,zero
0.75,0.5,19.252000000000002,0.21104300851859548,0.0,0.1,0.0,-0.0,0.5,0.5,0.0,0.0,0.14773010596301683,0.21104300851859548,zero
0.75,0.5,19.286,0.2111116872342632,0.0,0.1,-4.850490163426273e-17,4.850490163426273e-18,0.5,0.5,0.0,0.0,0.14777818106398427,0.2111116872342632,zero
0.75,0.5,19.32,0.2111801242236025,0.0,0.1,-4.850635195784266e-17,4.8506351957842666e-18,0.5,0.5,0.0,0.0,0.14782608695652175,0.2111801242236025,zero
0.75,0.5,19.354000000000003,0.2112483207605663,0.0,0.1,2.425389863600429e-17,-2.425389863600429e-18,0.5,0.5,0.0,0.0,0.14787382453239642,0.2112483207605663,zero
0.75,0.5,19.388,0.21131627811017123,0.0,0.1,4.85092376026695e-17,-4.8509237602669504e-18,0.5,0.5,0.0,0.0,0.14792139467711987,0.21131627811017123,zero
0.75,0.5,19.422,0.21138399752857584,0.0,0.1,2.425533648777803e-17,-2.425533648777803e-18,0.5,0.5,0.0,0.0,0.1479687982700031,0.21138399752857584,zero
0.75,0.5,19.456,0.2114514802631579,0.0,0.1,-7.276815512433313e-17,7.276815512433313e-18,0.5,0.5,0.0,0.0,0.14801603618421053,0.2114514802631579,zero
0.75,0.5,19.490000000000002,0.21151872755259107,0.0,0.1,0.0,-0.0,0.5,0.5,0.0,0.0,0.14806310928681374,0.21151872755259107,zero
0.75,0.5,19.524,0.2115857406269207,0.0,0.1,4.8514949602232716e-17,-4.851494960223272e-18,0.5,0.5,0.0,0.0,0.1481100184388445,0.2115857406269207,zero
0.75,0.5,19.558,0.21165252070763882,0.0,0.1,0.0,-0.0,0.5,0.5,0.0,0.0,0.14815676449534718,0.21165252070763882,zero
0.75,0.5,19.592000000000002,0.21171906900775828,0.0,0.1,0.0,-0.0,0.5,0.5,0.0,0.0,0.1482033483054308,0.21171906900775828,zero
0.75,0.5,19.626,0.21178538673188627,0.0,0.1,4.8519182518439325e-17,-4.851918251843933e-18,0.5,0.5,0.0,0.0,0.1482497707123204,0.21178538673188627,zero
0.75,0.5,19.66,0.21185147507629704,0.0,0.1,7.278087583904826e-17,-7.278087583904826e-18,0.5,0.5,0.0,0.0,0.14829603255340792,0.21185147507629704,zero
0.75,0.5,19.694000000000003,0.21191733522900377,0.0,0.1,-4.852198050878873e-17,4.8521980508788734e-18,0.5,0.5,0.0,0.0,0.14834213466030263,0.21191733522900377,zero
0.75,0.5,19.728,0.2119829683698297,0.0,0.1,0.0,-0.0,0.5,0.5,0.0,0.0,0.14838807785888078,0.2119829683698297,zero
0.75,0.5,19.762,0.21204837567047868,0.0,0.1,4.852475956306571e-17,-4.852475956306572e-18,0.5,0.5,0.0,0.0,0.14843386296933508,0.21204837567047868,zero
0.75,0.5,19.796000000000003,0.212113558294605,0.0,0.1,-4.852614204914795e-17,4.852614204914795e-18,0.5,0.5,0.0,0.0,0.1484794908062235,0.212113558294605,zero
0.75,0.5,19.830000000000002,0.21217851739788202,0.0,0.1,-7.279127980928039e-17,7.27912798092804e-18,0.5,0.5,0.0,0.0,0.1485249621785174,0.21217851739788202,zero
0.75,0.5,19.864,0.21224325412807088,0.0,0.1,2.4264446528864218e-17,-2.426444652886422e-18,0.5,0.5,0.0,0.0,0.1485702778896496,0.21224325412807088,zero
0.75,0.5,19.898,0.21230776962508796,0.0,0.1,-4.853026162716e-17,4.853026162716e-18,0.5,0.5,0.0,0.0,0.14861543873756158,0.21230776962508796,zero
0.75,0.5,19.932000000000002,0.21237206502107164,0.0,0.1,2.4265812802189418e-17,-2.426581280218942e-18,0.5,0.5,0.0,0.0,0.14866044551475016,0.21237206502107164,zero
0.75,0.5,19.966,0.21243614144044876,0.0,0.1,4.853298501245991e-17,-4.853298501245991e-18,0.5,0.5,0.0,0.0,0.14870529900831414,0.21243614144044876,zero
0.75,0.5,20.0,0.2125,0.0,0.1,2.426716993716189e-17,-2.426716993716189e-18,0.5,0.5,0.0,0.0,0.14875,0.2125,zero
