experiment,round,arm,n,h_projection,displacement_norm,loss
arithmetic_audited_llama3.2-1b,1,R,1,1.4340672245873298,0.8944339378915755,0.1443217603955418
arithmetic_audited_llama3.2-1b,1,S,1,1.4117367598490946,0.9187570846033117,0.14242768078111112
arithmetic_audited_llama3.2-3b,1,R,1,0.6955780485972228,1.0368152272028976,0.08428183401172812
arithmetic_audited_llama3.2-3b,1,S,1,0.7438413280845122,1.0492229777028215,0.08519355647943237
arithmetic_audited_llama3.2-3b,2,R,1,0.22641718914525838,1.0877287168164325,0.05509959114715457
arithmetic_unaudited_llama3.2-1b,1,R,1,1.4468384010014874,0.9059914857521377,0.14704118808731437
arithmetic_unaudited_llama3.2-1b,1,S,1,1.4729519671185716,0.931666682598872,0.14489736640825868
arithmetic_unaudited_llama3.2-3b,1,R,1,0.9897230798580905,1.272120327222807,0.08091633440926671
arithmetic_unaudited_llama3.2-3b,1,S,1,0.9161958030130432,1.2551998818699541,0.08608104544691741
arithmetic_unaudited_llama3.2-3b,2,R,1,0.18479162003363006,1.1714243640297766,0.04739634302677587
graph_audited,1,R,5,-0.06250828953089027,0.9688105520368763,0.05686341262057468
graph_audited,1,S,5,-0.053522434119798824,0.9804116043829533,0.05432123000384905
graph_audited,2,R,5,-0.017883316420117704,0.8276321374456465,0.04093490306461045
graph_audited,2,S,5,-0.0024074294858035168,1.0295579546494147,0.051711569260141255
graph_audited,3,R,4,-0.006628988424451133,0.8949684755773704,0.03901438847589923
graph_audited,3,S,4,-0.03501474072565105,0.9823660145588827,0.06629328556440292
graph_audited,4,R,4,-0.011037612662422328,0.9488054249930029,0.02798948439824209
graph_audited,4,S,4,-0.018377711123469698,1.0327192471882922,0.03808599292464111
graph_unaudited,1,R,5,-0.06682288225549345,1.1172415869053804,0.05397293059315729
graph_unaudited,1,S,5,-0.06544368962369834,1.0907305568396837,0.053090902594695774
graph_unaudited,2,R,5,-0.029750559663736582,1.0837291760070251,0.04550811977781599
graph_unaudited,2,S,5,-0.028648829755416168,1.0970569374312862,0.04835310510156461
graph_unaudited,3,R,5,-0.042844520497283864,1.136041869460463,0.051115342611861084
graph_unaudited,3,S,4,-0.03099735605250023,1.136147081478804,0.04494392266888525
graph_unaudited,4,R,4,-0.0255744961060012,1.0792861092589092,0.050467687858141375
graph_unaudited,4,S,4,-0.016714462412978526,1.08757131518868,0.04276289294887414
