task,model,block,arm,id_error,ood_error,delta_id_error,h_T_delta_theta,delta_theta_l2
graph,Qwen/Qwen3-4B,b00,R,0.39049999999999996,0.605,0.0050000000000000044,0.006332425423806853,0.06045917129130523
graph,Qwen/Qwen3-4B,b00,S,0.38849999999999996,0.603,0.0030000000000000027,0.0005437783493107418,0.0605375370651082
graph,Qwen/Qwen3-4B,b00,null,0.38549999999999995,0.608,0.0,0.0,0.0
graph,Qwen/Qwen3-4B,b01,R,0.386,0.603,0.000500000000000056,-0.009435453913283709,0.06049749099358777
graph,Qwen/Qwen3-4B,b01,S,0.391,0.601,0.00550000000000006,-0.0071125668348486215,0.0605154921564321
graph,Qwen/Qwen3-4B,b01,null,0.38549999999999995,0.608,0.0,0.0,0.0
graph,Qwen/Qwen3-4B,b02,R,0.389,0.603,0.0035000000000000586,-0.011582065861148294,0.06059510987757084
graph,Qwen/Qwen3-4B,b02,S,0.388,0.601,0.0025000000000000577,-0.013730279433730175,0.06059789178628115
graph,Qwen/Qwen3-4B,b02,null,0.38549999999999995,0.608,0.0,0.0,0.0
graph,Qwen/Qwen3-4B,b03,R,0.38849999999999996,0.602,0.0030000000000000027,-0.006527734728251744,0.06054731950962036
graph,Qwen/Qwen3-4B,b03,S,0.39049999999999996,0.6,0.0050000000000000044,-0.006710311789106527,0.06054545370996265
graph,Qwen/Qwen3-4B,b03,null,0.38549999999999995,0.608,0.0,0.0,0.0
graph,Qwen/Qwen3-4B,b04,R,0.391,0.607,0.00550000000000006,-0.013231013337644981,0.06057861163848899
graph,Qwen/Qwen3-4B,b04,S,0.39,0.604,0.0045000000000000595,-0.013208521630076575,0.0605751232051238
graph,Qwen/Qwen3-4B,b04,null,0.38549999999999995,0.608,0.0,0.0,0.0
